order_value,customer_age,previous_orders,previous_returns,delivery_days,payment_method,customer_rating,return_rate,returned
9314,52,7,2,2,CARD,2.5,0.2857142857142857,1
383,46,20,3,10,COD,2.1,0.15,1
7955,59,29,9,4,COD,2.3,0.3103448275862069,0
3558,45,15,5,4,COD,2.9,0.3333333333333333,1
6815,35,11,9,1,COD,4.9,0.8181818181818182,1
9790,31,8,6,10,UPI,3.7,0.75,1
6997,35,29,3,8,CARD,3.1,0.10344827586206896,0
8928,45,21,7,1,UPI,4.7,0.3333333333333333,1
7878,41,7,4,8,COD,3.4,0.5714285714285714,1
5898,25,26,0,7,COD,2.9,0.0,1
1473,59,19,3,9,UPI,4.8,0.15789473684210525,0
6853,62,23,2,8,CARD,4.5,0.08695652173913043,1
1296,25,11,8,5,COD,4.5,0.7272727272727273,1
9697,21,11,7,8,UPI,3.5,0.6363636363636364,1
9307,44,24,0,10,COD,4.4,0.0,1
8202,53,21,10,3,COD,2.5,0.47619047619047616,1
4447,22,4,0,10,UPI,3.7,0.0,0
9420,50,8,6,7,COD,5.0,0.75,1
5514,51,24,3,4,UPI,2.9,0.125,0
3554,47,3,0,5,COD,4.4,0.0,0
470,25,22,0,9,UPI,3.5,0.0,1
1386,56,21,1,7,COD,2.1,0.047619047619047616,1
6505,64,2,0,4,CARD,4.3,0.0,1
2598,43,24,10,6,COD,2.5,0.4166666666666667,1
7195,54,12,4,10,CARD,3.9,0.3333333333333333,1
7499,51,30,7,7,CARD,2.3,0.23333333333333334,1
4382,24,6,5,10,CARD,4.8,0.8333333333333334,1
2430,57,2,1,9,UPI,2.9,0.5,1
6711,45,28,2,4,UPI,2.7,0.07142857142857142,1
328,56,21,5,10,COD,2.4,0.23809523809523808,1
9661,56,1,1,3,COD,4.8,1.0,1
3872,45,12,9,8,COD,4.1,0.75,1
9993,31,26,2,1,COD,4.2,0.07692307692307693,0
4965,55,22,5,9,CARD,3.5,0.22727272727272727,1
4170,21,29,5,1,COD,3.4,0.1724137931034483,1
7745,59,12,1,2,UPI,2.3,0.08333333333333333,0
5752,35,25,6,8,UPI,3.7,0.24,0
827,61,17,1,9,UPI,2.7,0.058823529411764705,0
6789,42,27,5,7,UPI,4.9,0.18518518518518517,0
2244,24,27,0,3,COD,4.4,0.0,0
2541,55,10,2,7,UPI,3.2,0.2,1
6084,45,28,1,6,COD,2.5,0.03571428571428571,1
8385,22,28,6,2,CARD,4.4,0.21428571428571427,0
449,20,16,3,3,UPI,2.4,0.1875,1
3125,61,15,7,10,CARD,2.6,0.4666666666666667,0
5243,48,30,5,10,COD,2.6,0.16666666666666666,0
1174,64,30,9,5,COD,3.7,0.3,1
9717,59,15,3,10,COD,4.4,0.2,1
7392,37,30,4,4,COD,2.9,0.13333333333333333,1
9375,36,19,8,2,COD,2.3,0.42105263157894735,1
9280,28,12,6,4,UPI,3.4,0.5,1
2872,57,23,9,8,COD,4.2,0.391304347826087,1
7479,20,20,8,5,UPI,2.7,0.4,1
7731,40,25,6,5,CARD,2.7,0.24,0
9718,24,3,3,10,UPI,4.8,1.0,1
8862,40,5,3,3,COD,4.9,0.6,1
2187,24,19,0,8,COD,5.0,0.0,0
290,63,7,7,6,UPI,4.4,1.0,1
8921,51,21,7,2,COD,2.6,0.3333333333333333,1
4259,59,9,3,2,UPI,2.6,0.3333333333333333,1
2973,36,7,2,9,COD,3.0,0.2857142857142857,1
8583,26,18,6,7,CARD,3.0,0.3333333333333333,1
7609,35,4,3,10,UPI,4.9,0.75,1
4640,58,25,2,9,UPI,4.4,0.08,1
7547,62,28,7,6,COD,4.2,0.25,0
1208,59,14,5,5,COD,2.6,0.35714285714285715,0
3983,42,18,4,1,UPI,4.7,0.2222222222222222,0
6846,31,26,3,6,UPI,4.5,0.11538461538461539,0
4498,61,9,7,6,COD,2.5,0.7777777777777778,1
4868,42,26,7,3,COD,4.6,0.2692307692307692,1
4487,36,21,0,3,COD,2.8,0.0,0
2252,56,2,0,3,UPI,2.2,0.0,1
6209,32,20,4,3,COD,4.0,0.2,0
1916,33,28,3,7,UPI,4.0,0.10714285714285714,1
510,44,15,5,10,UPI,2.3,0.3333333333333333,1
4738,57,28,5,2,UPI,3.0,0.17857142857142858,0
1460,27,7,1,10,CARD,5.0,0.14285714285714285,1
4132,21,12,7,10,CARD,4.0,0.5833333333333334,1
784,36,29,6,2,UPI,4.2,0.20689655172413793,1
7816,45,8,0,3,COD,2.6,0.0,1
8751,38,15,4,10,COD,2.2,0.26666666666666666,1
3066,64,3,3,7,UPI,2.8,1.0,1
6098,31,14,5,3,UPI,2.7,0.35714285714285715,1
2211,50,17,3,7,UPI,2.7,0.17647058823529413,1
6451,27,4,1,9,COD,2.6,0.25,1
5139,36,18,3,10,UPI,3.7,0.16666666666666666,0
4206,47,8,0,4,COD,3.0,0.0,0
1825,39,4,1,7,UPI,4.5,0.25,1
1090,20,2,0,9,COD,2.6,0.0,1
6278,54,30,1,8,UPI,3.4,0.03333333333333333,0
7236,58,6,0,8,COD,2.0,0.0,1
9123,35,22,4,9,COD,3.4,0.18181818181818182,0
4161,28,10,1,5,UPI,2.2,0.1,0
2704,19,4,2,5,COD,4.9,0.5,1
9006,29,22,8,3,UPI,4.4,0.36363636363636365,0
4006,23,29,8,5,UPI,3.5,0.27586206896551724,1
6300,60,18,0,8,UPI,2.3,0.0,1
1919,57,26,10,5,COD,3.8,0.38461538461538464,1
6886,61,12,2,4,UPI,4.3,0.16666666666666666,1
1787,46,2,1,8,UPI,2.6,0.5,1
7200,47,10,6,7,UPI,3.7,0.6,1
1096,19,30,9,6,UPI,4.4,0.3,0
5758,26,4,3,5,COD,4.3,0.75,1
8669,64,14,1,5,COD,4.4,0.07142857142857142,0
4847,19,16,6,10,COD,4.6,0.375,1
2632,46,15,5,2,COD,4.8,0.3333333333333333,1
4104,50,8,2,4,COD,3.2,0.25,0
7037,27,14,5,8,UPI,3.7,0.35714285714285715,0
1649,51,23,10,8,UPI,4.4,0.43478260869565216,1
4700,61,28,5,1,COD,4.1,0.17857142857142858,0
5654,25,25,4,2,CARD,5.0,0.16,0
9624,54,30,3,5,UPI,2.0,0.1,1
4317,50,8,0,9,CARD,3.1,0.0,0
9069,64,21,9,10,UPI,2.8,0.42857142857142855,1
2228,23,16,5,7,UPI,2.8,0.3125,1
7045,61,13,1,10,COD,2.7,0.07692307692307693,1
3958,57,18,2,5,COD,4.1,0.1111111111111111,1
6104,62,15,7,1,COD,2.3,0.4666666666666667,1
4824,36,21,9,6,UPI,4.2,0.42857142857142855,0
9048,49,24,5,8,COD,4.1,0.20833333333333334,0
365,44,26,2,7,UPI,2.8,0.07692307692307693,1
4791,18,25,6,2,COD,2.8,0.24,1
789,60,28,3,5,CARD,3.9,0.10714285714285714,1
4724,50,28,8,4,COD,4.3,0.2857142857142857,1
3021,57,28,4,9,COD,4.6,0.14285714285714285,1
6709,49,13,2,10,COD,4.6,0.15384615384615385,1
7893,22,9,1,1,COD,4.9,0.1111111111111111,0
9654,34,29,10,6,COD,3.7,0.3448275862068966,1
271,25,15,1,3,UPI,4.7,0.06666666666666667,0
3780,59,13,2,9,COD,4.4,0.15384615384615385,0
8162,51,1,1,5,COD,4.7,1.0,1
468,26,25,3,6,CARD,2.0,0.12,1
2662,40,7,1,9,COD,4.9,0.14285714285714285,0
9660,52,9,9,9,CARD,3.4,1.0,1
1215,24,24,8,8,CARD,4.4,0.3333333333333333,0
9475,32,1,1,9,COD,2.4,1.0,0
8184,37,12,8,4,COD,3.2,0.6666666666666666,1
606,42,8,5,6,COD,2.8,0.625,0
7584,20,24,0,5,UPI,2.9,0.0,1
6249,63,11,3,5,UPI,2.4,0.2727272727272727,1
6369,41,19,0,4,UPI,4.4,0.0,0
8182,51,17,5,2,UPI,2.0,0.29411764705882354,0
1185,63,8,3,6,COD,2.9,0.375,0
4685,39,3,2,9,CARD,2.5,0.6666666666666666,1
9101,28,3,2,1,UPI,3.8,0.6666666666666666,1
2818,25,1,0,7,UPI,2.8,0.0,0
6489,56,27,5,6,CARD,2.8,0.18518518518518517,1
9803,60,5,0,3,UPI,3.5,0.0,0
7128,52,10,4,1,COD,4.0,0.4,1
5568,63,7,1,4,COD,2.4,0.14285714285714285,0
4821,55,26,7,9,UPI,2.5,0.2692307692307692,1
9877,25,9,4,2,COD,2.7,0.4444444444444444,1
7766,54,28,1,3,CARD,4.9,0.03571428571428571,0
4870,44,7,3,2,COD,3.2,0.42857142857142855,1
7858,45,9,8,2,UPI,3.8,0.8888888888888888,1
1203,57,8,3,10,UPI,2.7,0.375,1
7704,51,12,3,8,COD,3.5,0.25,1
2666,49,2,1,3,CARD,2.2,0.5,1
2139,32,1,0,7,CARD,2.1,0.0,0
1835,61,16,5,8,UPI,3.4,0.3125,1
8295,34,23,10,3,COD,3.2,0.43478260869565216,1
6465,50,23,1,2,COD,2.4,0.043478260869565216,1
2095,64,30,6,8,COD,4.1,0.2,1
6724,63,24,2,3,COD,5.0,0.08333333333333333,1
1273,33,5,2,7,UPI,3.2,0.4,0
5384,46,3,0,1,CARD,3.9,0.0,0
2602,26,12,2,6,UPI,4.9,0.16666666666666666,0
5095,50,8,1,9,CARD,4.5,0.125,0
7531,46,22,9,3,UPI,3.4,0.4090909090909091,1
9543,30,27,8,7,UPI,4.2,0.2962962962962963,0
2156,38,3,1,6,CARD,2.4,0.3333333333333333,0
7223,38,1,1,8,UPI,3.5,1.0,1
4107,22,3,2,3,CARD,2.8,0.6666666666666666,1
1007,27,5,1,3,COD,2.5,0.2,0
8578,23,15,7,4,COD,3.3,0.4666666666666667,1
5027,30,14,8,3,CARD,2.4,0.5714285714285714,1
4724,18,3,2,9,UPI,4.1,0.6666666666666666,1
9699,37,1,0,4,CARD,3.4,0.0,0
2484,64,5,0,6,CARD,3.6,0.0,0
5513,63,26,2,8,COD,2.4,0.07692307692307693,1
957,25,23,4,8,UPI,2.4,0.17391304347826086,0
5087,27,14,8,5,COD,3.8,0.5714285714285714,1
4054,26,7,3,5,UPI,5.0,0.42857142857142855,0
3758,58,27,2,6,UPI,2.3,0.07407407407407407,1
9972,20,9,6,10,COD,2.9,0.6666666666666666,1
1161,28,15,0,7,UPI,4.6,0.0,1
4047,29,15,3,10,UPI,2.2,0.2,1
6926,27,26,3,7,COD,4.6,0.11538461538461539,1
3775,42,10,6,4,CARD,3.6,0.6,0
9267,42,28,7,6,UPI,3.2,0.25,1
2618,28,13,0,7,CARD,2.9,0.0,0
4398,53,19,4,5,COD,2.9,0.21052631578947367,1
1201,56,7,6,5,COD,2.9,0.8571428571428571,1
5444,43,17,3,2,UPI,4.7,0.17647058823529413,0
7319,31,20,3,7,COD,4.2,0.15,1
4266,56,29,3,6,CARD,4.0,0.10344827586206896,1
3045,57,4,3,1,COD,4.4,0.75,1
9873,18,30,5,4,UPI,2.8,0.16666666666666666,1
9049,21,5,1,3,UPI,3.9,0.2,0
5516,47,23,4,3,COD,3.4,0.17391304347826086,0
622,29,7,3,7,COD,4.3,0.42857142857142855,1
6915,52,13,2,10,UPI,2.9,0.15384615384615385,0
4466,30,15,6,4,UPI,3.9,0.4,1
7749,48,11,10,8,COD,4.6,0.9090909090909091,1
6516,55,29,5,9,CARD,3.2,0.1724137931034483,1
2910,60,4,4,3,COD,2.2,1.0,1
8844,40,13,5,5,COD,3.5,0.38461538461538464,1
8269,21,7,4,4,UPI,3.0,0.5714285714285714,1
1857,33,27,6,10,COD,4.0,0.2222222222222222,1
2741,24,19,1,6,CARD,4.9,0.05263157894736842,0
6963,39,22,10,10,COD,3.5,0.45454545454545453,1
3275,46,28,4,4,COD,3.4,0.14285714285714285,0
3364,28,2,1,8,COD,4.0,0.5,1
2253,50,10,5,3,UPI,2.3,0.5,1
8679,46,13,4,5,UPI,2.8,0.3076923076923077,1
5937,56,30,9,1,UPI,4.8,0.3,0
3417,29,25,6,6,COD,4.0,0.24,0
1647,24,21,9,5,COD,2.0,0.42857142857142855,1
6209,56,6,6,8,CARD,2.6,1.0,1
807,59,28,4,9,COD,4.0,0.14285714285714285,1
4752,43,28,0,8,CARD,4.3,0.0,0
1964,57,12,4,8,COD,4.5,0.3333333333333333,1
9617,26,12,9,3,CARD,2.9,0.75,1
9627,58,20,1,4,COD,4.8,0.05,1
9421,51,30,4,4,UPI,3.7,0.13333333333333333,1
2871,62,30,4,5,COD,4.1,0.13333333333333333,0
6719,30,11,1,9,COD,3.8,0.09090909090909091,1
4162,53,26,4,9,COD,2.4,0.15384615384615385,1
3377,42,23,3,10,COD,4.9,0.13043478260869565,0
3922,41,28,0,1,COD,2.4,0.0,1
5106,61,25,2,8,UPI,2.8,0.08,1
7463,34,7,0,1,UPI,4.4,0.0,0
5254,19,30,10,2,UPI,3.9,0.3333333333333333,1
9867,30,1,0,7,UPI,4.5,0.0,0
1008,48,1,0,8,UPI,3.5,0.0,0
9370,46,25,3,1,COD,3.1,0.12,1
925,45,27,6,3,UPI,4.8,0.2222222222222222,0
7901,44,30,4,7,COD,2.1,0.13333333333333333,1
1416,32,25,9,9,CARD,4.6,0.36,0
4251,48,20,3,8,COD,2.7,0.15,1
2397,57,13,1,8,COD,4.5,0.07692307692307693,0
3006,32,9,3,9,UPI,2.4,0.3333333333333333,1
9170,50,3,3,10,COD,3.7,1.0,1
1172,37,7,3,3,CARD,4.7,0.42857142857142855,0
5834,59,6,1,8,CARD,3.4,0.16666666666666666,1
7683,29,8,7,1,COD,4.2,0.875,1
2323,54,27,2,8,COD,4.4,0.07407407407407407,1
8990,26,9,8,7,UPI,4.2,0.8888888888888888,1
424,40,30,3,8,UPI,4.8,0.1,1
9232,25,5,4,1,COD,3.3,0.8,1
2014,49,1,1,6,UPI,2.5,1.0,1
1306,31,19,9,7,UPI,2.1,0.47368421052631576,1
324,44,10,4,5,COD,2.7,0.4,1
3446,42,12,9,5,COD,2.4,0.75,1
3131,30,24,0,7,UPI,3.7,0.0,0
3171,38,15,8,3,COD,2.6,0.5333333333333333,0
2217,62,27,0,6,CARD,2.1,0.0,0
7615,48,22,7,7,COD,2.1,0.3181818181818182,1
2615,54,24,8,1,UPI,4.5,0.3333333333333333,0
3296,60,9,8,2,CARD,3.8,0.8888888888888888,1
1809,22,20,0,4,CARD,3.1,0.0,0
917,30,17,1,8,COD,4.7,0.058823529411764705,1
3761,45,30,0,10,COD,2.2,0.0,1
9408,60,17,9,6,UPI,4.9,0.5294117647058824,1
6982,42,26,1,1,COD,3.8,0.038461538461538464,0
1248,52,20,9,10,COD,2.6,0.45,1
9749,64,12,7,5,CARD,4.0,0.5833333333333334,1
8507,56,30,4,7,COD,4.3,0.13333333333333333,1
8105,24,7,3,6,COD,3.3,0.42857142857142855,0
5778,55,2,2,9,COD,4.6,1.0,1
1820,49,3,2,8,UPI,2.5,0.6666666666666666,1
6748,20,17,1,4,UPI,2.8,0.058823529411764705,0
7581,62,5,2,5,COD,2.3,0.4,1
4980,56,17,5,7,COD,2.6,0.29411764705882354,1
3992,54,24,7,8,COD,2.7,0.2916666666666667,1
3141,39,17,0,5,UPI,4.8,0.0,0
5895,25,27,0,9,COD,2.2,0.0,0
6601,34,17,6,10,CARD,3.3,0.35294117647058826,0
9369,44,2,0,4,COD,3.6,0.0,0
6397,50,2,2,4,CARD,4.7,1.0,1
5650,63,28,4,8,COD,5.0,0.14285714285714285,0
9175,34,22,0,1,UPI,4.3,0.0,0
8632,59,23,6,8,COD,4.9,0.2608695652173913,1
6074,29,5,4,5,COD,4.4,0.8,0
1753,63,1,1,1,CARD,4.9,1.0,0
1212,44,1,0,4,CARD,4.1,0.0,0
8578,25,19,7,2,COD,2.2,0.3684210526315789,1
2081,40,30,8,4,UPI,3.2,0.26666666666666666,0
6999,59,2,2,8,UPI,3.9,1.0,1
4786,46,21,10,5,CARD,3.1,0.47619047619047616,0
8822,37,12,0,1,COD,2.8,0.0,1
8630,33,26,2,7,UPI,3.7,0.07692307692307693,1
6647,34,6,2,1,UPI,4.8,0.3333333333333333,1
2545,33,23,7,9,COD,2.1,0.30434782608695654,1
275,36,4,0,3,CARD,4.3,0.0,0
9748,25,23,4,3,COD,4.2,0.17391304347826086,0
6077,55,11,3,6,COD,4.9,0.2727272727272727,1
6985,55,24,4,10,UPI,4.8,0.16666666666666666,1
5122,46,27,7,6,UPI,4.3,0.25925925925925924,0
8290,58,17,9,6,COD,3.6,0.5294117647058824,1
2530,53,6,6,1,COD,2.6,1.0,1
4886,43,24,3,5,CARD,3.6,0.125,1
2102,48,5,2,6,COD,4.3,0.4,1
4870,61,20,3,8,UPI,4.7,0.15,0
7343,29,2,2,1,UPI,4.4,1.0,1
2259,34,6,2,5,COD,2.6,0.3333333333333333,1
340,32,22,6,3,CARD,3.8,0.2727272727272727,0
1989,26,11,2,2,UPI,3.0,0.18181818181818182,1
216,56,16,2,8,UPI,2.0,0.125,1
664,59,16,10,7,UPI,2.6,0.625,1
4671,29,1,1,10,UPI,2.3,1.0,1
2027,49,9,4,7,UPI,4.5,0.4444444444444444,1
8911,42,28,4,5,CARD,2.8,0.14285714285714285,0
6156,56,27,5,9,COD,2.9,0.18518518518518517,1
289,35,6,1,5,COD,4.9,0.16666666666666666,0
5015,32,16,5,2,COD,3.1,0.3125,1
3051,49,29,0,3,COD,2.0,0.0,0
3043,23,3,2,4,COD,2.9,0.6666666666666666,1
9317,61,20,7,5,CARD,2.4,0.35,0
6743,60,28,7,3,UPI,2.3,0.25,0
6101,52,27,8,7,UPI,2.2,0.2962962962962963,1
1169,51,4,0,5,UPI,3.8,0.0,0
1294,55,19,1,5,CARD,2.6,0.05263157894736842,0
6324,22,26,1,6,UPI,3.1,0.038461538461538464,0
7547,35,3,2,7,CARD,4.6,0.6666666666666666,1
3395,33,19,0,10,COD,3.3,0.0,1
1604,25,20,3,10,CARD,4.7,0.15,1
7140,42,7,5,8,UPI,3.5,0.7142857142857143,1
4490,49,20,3,9,COD,3.2,0.15,1
4182,43,9,8,4,UPI,4.3,0.8888888888888888,1
5755,39,1,0,5,UPI,2.2,0.0,1
8154,48,8,8,5,COD,2.3,1.0,1
4913,60,7,1,8,UPI,4.0,0.14285714285714285,1
3292,27,18,6,9,COD,3.5,0.3333333333333333,1
4359,29,8,1,7,COD,4.4,0.125,0
6508,45,1,1,5,CARD,4.7,1.0,1
7678,23,11,4,3,UPI,3.2,0.36363636363636365,1
8676,37,28,3,1,CARD,3.8,0.10714285714285714,0
5133,22,25,10,9,UPI,3.5,0.4,0
5126,40,25,7,5,COD,4.9,0.28,1
9579,26,18,1,9,UPI,4.5,0.05555555555555555,0
4169,46,23,5,10,UPI,4.7,0.21739130434782608,0
3165,33,30,4,4,CARD,2.8,0.13333333333333333,1
4519,63,10,1,5,COD,4.3,0.1,0
9175,39,3,2,4,CARD,2.8,0.6666666666666666,1
7308,25,7,1,2,CARD,2.6,0.14285714285714285,1
9341,37,28,0,1,UPI,4.8,0.0,0
4139,31,16,7,8,CARD,2.1,0.4375,1
244,56,26,1,4,COD,4.9,0.038461538461538464,1
2010,54,16,6,5,CARD,2.4,0.375,1
4766,51,25,8,6,UPI,4.5,0.32,1
9221,28,20,8,8,COD,2.8,0.4,1
2109,57,28,7,8,CARD,3.1,0.25,1
6564,50,17,10,7,UPI,2.7,0.5882352941176471,1
2781,48,2,1,4,UPI,3.8,0.5,0
891,61,1,1,6,UPI,3.0,1.0,1
1131,51,16,9,4,COD,4.0,0.5625,0
8110,24,30,8,7,UPI,2.0,0.26666666666666666,1
6582,40,12,1,1,CARD,2.2,0.08333333333333333,0
3606,63,5,5,5,COD,2.3,1.0,1
8539,24,5,3,10,COD,3.3,0.6,1
1232,42,27,3,10,COD,4.4,0.1111111111111111,1
1511,20,23,4,4,COD,4.7,0.17391304347826086,1
8779,55,9,2,7,UPI,2.7,0.2222222222222222,0
3321,37,9,0,9,UPI,3.7,0.0,0
2073,51,3,3,5,CARD,4.3,1.0,1
9307,61,19,4,4,UPI,2.9,0.21052631578947367,1
6981,61,16,2,9,COD,3.2,0.125,1
3948,47,16,9,5,CARD,3.6,0.5625,0
477,34,3,3,9,UPI,2.4,1.0,1
2059,27,20,6,8,UPI,2.1,0.3,1
6129,52,24,6,4,UPI,2.5,0.25,1
6992,37,22,0,7,CARD,3.9,0.0,0
4913,35,24,8,5,UPI,2.2,0.3333333333333333,1
4875,62,1,0,10,COD,2.6,0.0,1
1370,61,24,1,4,UPI,3.0,0.041666666666666664,0
8881,44,20,4,5,COD,2.2,0.2,1
9574,53,11,4,5,COD,2.6,0.36363636363636365,0
5508,40,17,7,9,COD,4.7,0.4117647058823529,1
2662,49,8,7,9,COD,2.1,0.875,1
487,27,4,3,6,COD,4.0,0.75,1
6153,28,6,2,4,COD,3.2,0.3333333333333333,1
4482,55,8,5,2,UPI,4.0,0.625,1
2107,23,20,5,3,CARD,3.8,0.25,0
1361,58,30,10,2,CARD,2.7,0.3333333333333333,1
329,64,3,0,5,COD,4.5,0.0,0
6537,51,16,5,6,UPI,3.5,0.3125,1
2563,53,30,1,5,CARD,4.5,0.03333333333333333,1
8351,54,25,1,2,COD,3.2,0.04,1
6183,34,3,0,5,UPI,5.0,0.0,0
343,57,25,4,9,UPI,4.3,0.16,1
8407,57,29,3,4,COD,4.9,0.10344827586206896,0
7669,29,18,10,10,CARD,3.5,0.5555555555555556,1
444,38,14,1,2,CARD,3.4,0.07142857142857142,0
1126,57,18,2,3,COD,4.3,0.1111111111111111,1
3378,36,2,2,3,COD,4.6,1.0,1
2376,20,22,7,9,COD,4.9,0.3181818181818182,1
5202,35,3,3,4,COD,3.0,1.0,0
1086,36,16,5,1,UPI,4.4,0.3125,1
8732,64,29,10,1,UPI,2.6,0.3448275862068966,0
3598,23,9,4,7,COD,3.6,0.4444444444444444,1
8697,33,4,4,7,CARD,2.5,1.0,1
9299,25,1,0,2,COD,3.0,0.0,0
2854,35,4,2,9,COD,4.8,0.5,1
7592,60,1,0,9,COD,2.4,0.0,1
1571,56,14,5,5,UPI,3.9,0.35714285714285715,1
7335,29,21,2,3,COD,3.8,0.09523809523809523,0
520,62,16,6,3,COD,2.4,0.375,1
4854,27,20,6,3,COD,3.0,0.3,0
5500,24,24,8,6,CARD,3.7,0.3333333333333333,0
6961,63,8,4,4,CARD,2.6,0.5,1
7054,18,7,6,8,COD,4.4,0.8571428571428571,1
5705,53,3,3,5,COD,4.9,1.0,1
9523,38,17,9,1,UPI,2.6,0.5294117647058824,0
6753,54,1,1,9,UPI,2.6,1.0,1
4242,41,16,7,1,COD,3.4,0.4375,0
9209,42,12,0,6,CARD,4.2,0.0,1
7698,24,27,4,1,UPI,2.8,0.14814814814814814,0
6836,59,19,2,3,UPI,2.1,0.10526315789473684,0
7562,34,22,0,10,UPI,3.6,0.0,1
211,46,23,3,5,CARD,4.9,0.13043478260869565,0
394,47,22,7,10,UPI,3.2,0.3181818181818182,1
2737,24,14,2,7,COD,3.3,0.14285714285714285,0
3042,50,30,9,10,COD,4.9,0.3,1
2429,24,6,1,8,UPI,4.1,0.16666666666666666,1
3209,41,6,2,9,COD,4.2,0.3333333333333333,0
8184,28,13,8,6,UPI,3.7,0.6153846153846154,1
2277,26,19,9,9,CARD,4.9,0.47368421052631576,1
8045,29,22,4,8,UPI,4.1,0.18181818181818182,1
4067,52,8,6,9,CARD,4.7,0.75,1
5073,21,27,10,10,COD,4.1,0.37037037037037035,1
8835,53,27,10,4,CARD,4.2,0.37037037037037035,0
497,45,2,1,9,UPI,2.9,0.5,1
6056,30,21,8,7,COD,2.9,0.38095238095238093,1
9236,40,30,8,5,UPI,4.3,0.26666666666666666,1
1215,36,1,1,5,COD,2.9,1.0,1
1584,59,28,3,1,UPI,3.7,0.10714285714285714,0
9789,54,15,5,2,UPI,2.7,0.3333333333333333,0
8945,56,1,1,10,COD,4.5,1.0,1
2550,41,5,1,3,UPI,2.3,0.2,1
1469,33,28,9,8,UPI,4.5,0.32142857142857145,0
1460,50,29,5,6,COD,3.8,0.1724137931034483,0
7901,29,16,0,10,COD,2.6,0.0,1
8576,51,19,8,5,COD,3.6,0.42105263157894735,0
4763,24,4,1,1,UPI,2.8,0.25,1
7097,28,3,0,9,CARD,3.0,0.0,0
5872,48,17,8,3,CARD,3.1,0.47058823529411764,1
5793,46,17,3,3,UPI,2.2,0.17647058823529413,1
6355,30,12,10,2,UPI,5.0,0.8333333333333334,1
5743,48,28,2,4,COD,2.1,0.07142857142857142,1
7440,19,30,6,2,UPI,4.0,0.2,0
4883,56,29,5,9,COD,3.1,0.1724137931034483,1
2081,32,14,7,10,COD,3.9,0.5,1
8913,28,21,2,7,UPI,3.1,0.09523809523809523,1
4009,51,6,4,8,COD,4.0,0.6666666666666666,1
6007,56,3,1,3,UPI,4.2,0.3333333333333333,1
5083,21,28,3,6,CARD,4.1,0.10714285714285714,0
7406,28,9,3,10,COD,2.3,0.3333333333333333,1
4355,46,5,3,6,COD,4.0,0.6,1
4873,19,24,9,1,CARD,2.8,0.375,0
1609,33,29,7,6,UPI,2.1,0.2413793103448276,0
5397,56,17,5,3,COD,3.2,0.29411764705882354,1
7652,30,14,2,3,COD,3.3,0.14285714285714285,0
8918,54,21,9,3,UPI,3.4,0.42857142857142855,1
2372,34,3,0,10,UPI,4.1,0.0,1
479,38,28,5,10,COD,2.9,0.17857142857142858,0
4177,61,1,0,8,COD,2.9,0.0,1
2869,36,20,5,5,CARD,2.2,0.25,0
8025,24,29,7,4,UPI,4.1,0.2413793103448276,0
4181,55,21,6,9,CARD,3.7,0.2857142857142857,0
4969,25,23,4,9,UPI,3.0,0.17391304347826086,0
5447,30,1,1,1,CARD,4.1,1.0,0
4627,54,3,1,2,COD,3.6,0.3333333333333333,0
6335,19,18,3,8,UPI,3.4,0.16666666666666666,0
5773,58,25,8,5,COD,3.5,0.32,0
4331,28,10,3,7,UPI,3.9,0.3,0
7389,41,22,0,1,UPI,4.0,0.0,0
4735,23,26,6,10,COD,2.9,0.23076923076923078,1
2976,43,3,2,5,CARD,2.4,0.6666666666666666,1
9511,24,8,3,3,CARD,2.5,0.375,1
7897,56,14,2,10,COD,3.9,0.14285714285714285,1
8586,36,24,7,2,UPI,4.6,0.2916666666666667,1
862,23,18,4,2,COD,3.2,0.2222222222222222,1
8871,60,15,9,9,COD,2.5,0.6,1
8244,46,22,6,4,CARD,4.3,0.2727272727272727,0
4418,60,23,3,4,COD,4.5,0.13043478260869565,1
9815,56,2,1,7,CARD,4.6,0.5,0
5260,19,27,7,10,COD,3.8,0.25925925925925924,1
6074,36,10,1,10,UPI,4.6,0.1,0
5781,21,2,1,2,UPI,2.0,0.5,1
2214,23,26,1,3,COD,2.3,0.038461538461538464,1
3989,54,17,2,3,COD,2.3,0.11764705882352941,0
9303,45,8,2,6,CARD,4.1,0.25,0
7348,47,1,0,3,UPI,2.2,0.0,1
7966,24,9,2,5,COD,3.5,0.2222222222222222,0
2564,26,11,5,4,UPI,3.4,0.45454545454545453,0
3829,42,22,7,3,COD,2.9,0.3181818181818182,1
6119,50,16,9,8,COD,4.6,0.5625,0
5875,18,7,5,10,UPI,2.5,0.7142857142857143,1
9072,23,29,4,3,COD,3.1,0.13793103448275862,1
6838,35,10,3,6,CARD,4.3,0.3,1
4851,27,23,2,7,UPI,2.1,0.08695652173913043,1
809,45,26,3,7,CARD,4.0,0.11538461538461539,0
8140,28,3,1,2,UPI,4.4,0.3333333333333333,0
4066,50,18,6,3,CARD,4.8,0.3333333333333333,1
571,18,25,0,10,UPI,4.6,0.0,1
7198,30,24,6,10,UPI,3.0,0.25,1
815,54,13,0,4,CARD,3.8,0.0,0
7111,37,28,1,7,UPI,2.2,0.03571428571428571,0
6210,18,26,3,2,COD,2.8,0.11538461538461539,0
2453,20,7,0,3,UPI,2.3,0.0,1
5142,35,25,10,7,CARD,2.9,0.4,1
1064,58,4,3,7,UPI,4.6,0.75,1
1468,31,13,10,10,UPI,3.0,0.7692307692307693,1
7654,48,20,10,3,UPI,3.7,0.5,1
9176,44,1,0,1,CARD,3.3,0.0,0
4771,34,8,5,3,COD,3.4,0.625,1
5429,63,14,0,5,UPI,4.9,0.0,1
2437,46,16,0,7,COD,2.9,0.0,1
4254,53,14,5,4,UPI,3.9,0.35714285714285715,1
1135,54,12,3,1,UPI,3.3,0.25,0
6594,43,19,3,6,COD,2.2,0.15789473684210525,1
8091,34,23,10,2,COD,3.5,0.43478260869565216,1
525,39,15,5,3,UPI,4.4,0.3333333333333333,0
9926,42,28,10,4,COD,2.3,0.35714285714285715,1
7974,19,2,2,6,COD,2.2,1.0,1
4061,39,2,0,6,CARD,2.5,0.0,0
2185,22,23,9,7,COD,4.3,0.391304347826087,1
5132,21,22,4,5,UPI,4.2,0.18181818181818182,0
4803,53,19,8,7,CARD,3.7,0.42105263157894735,0
2978,23,25,3,2,COD,3.4,0.12,0
9662,38,26,9,1,COD,4.7,0.34615384615384615,1
9032,30,30,1,10,UPI,4.3,0.03333333333333333,1
7954,54,29,2,8,UPI,4.4,0.06896551724137931,0
4278,42,22,10,1,CARD,4.4,0.45454545454545453,1
1567,43,26,0,2,CARD,3.9,0.0,0
4242,56,26,5,10,UPI,3.4,0.19230769230769232,1
2775,37,22,5,6,COD,4.6,0.22727272727272727,1
6954,50,17,0,1,COD,4.8,0.0,1
1781,31,20,10,10,COD,2.1,0.5,1
2186,53,10,2,3,COD,2.2,0.2,0
2440,34,6,4,7,UPI,4.9,0.6666666666666666,1
4166,38,15,2,8,UPI,2.8,0.13333333333333333,1
7804,63,22,9,4,COD,4.6,0.4090909090909091,1
8520,33,11,2,3,CARD,3.2,0.18181818181818182,1
6168,63,28,9,1,COD,2.4,0.32142857142857145,1
9243,33,5,2,9,COD,2.2,0.4,1
7693,37,1,0,10,UPI,2.5,0.0,0
4303,46,8,4,6,COD,2.7,0.5,1
2276,45,21,3,6,COD,3.5,0.14285714285714285,1
5431,25,28,0,9,COD,4.1,0.0,1
3194,41,12,4,1,COD,5.0,0.3333333333333333,1
3944,20,12,9,6,UPI,3.3,0.75,0
5794,42,5,4,5,CARD,3.6,0.8,1
7731,36,7,3,6,COD,3.6,0.42857142857142855,0
7571,50,4,1,8,COD,3.6,0.25,1
1844,19,6,3,5,UPI,3.6,0.5,1
3344,32,13,6,2,CARD,2.0,0.46153846153846156,0
442,39,20,6,2,COD,2.0,0.3,1
4285,27,30,1,10,COD,2.3,0.03333333333333333,1
8154,35,15,2,5,UPI,2.3,0.13333333333333333,1
7469,39,3,0,3,UPI,4.1,0.0,0
7330,63,23,7,10,COD,2.6,0.30434782608695654,1
7028,44,8,8,3,UPI,4.7,1.0,1
8562,30,20,3,8,COD,4.8,0.15,0
9044,50,16,5,7,UPI,4.9,0.3125,1
6531,22,13,8,1,UPI,4.8,0.6153846153846154,1
3712,43,18,5,5,CARD,2.8,0.2777777777777778,1
1699,30,28,8,9,UPI,3.5,0.2857142857142857,0
2358,44,10,3,4,COD,2.5,0.3,0
5362,31,30,7,1,COD,4.4,0.23333333333333334,1
4239,41,19,8,8,CARD,4.7,0.42105263157894735,1
2235,20,17,3,5,COD,4.6,0.17647058823529413,1
8177,64,24,4,2,COD,3.3,0.16666666666666666,1
1057,47,19,7,1,COD,4.3,0.3684210526315789,1
4023,52,28,9,3,UPI,2.3,0.32142857142857145,1
6970,31,26,5,9,UPI,2.1,0.19230769230769232,1
9441,29,23,6,1,COD,4.3,0.2608695652173913,0
498,45,26,2,4,COD,3.3,0.07692307692307693,1
7444,61,5,3,8,CARD,5.0,0.6,0
1123,46,26,7,8,UPI,2.3,0.2692307692307692,1
4432,60,21,9,10,UPI,4.6,0.42857142857142855,1
4506,34,30,5,8,CARD,3.4,0.16666666666666666,1
2999,57,23,9,10,CARD,4.5,0.391304347826087,1
6778,38,9,8,8,COD,4.5,0.8888888888888888,1
5075,40,12,5,4,CARD,4.7,0.4166666666666667,0
5526,37,21,8,8,COD,2.9,0.38095238095238093,1
6782,28,1,0,9,COD,4.8,0.0,0
2002,51,26,3,7,CARD,2.5,0.11538461538461539,0
2857,27,26,7,2,COD,2.2,0.2692307692307692,0
3546,27,1,0,9,COD,3.3,0.0,0
9863,60,15,3,8,COD,4.5,0.2,1
3149,23,2,1,5,UPI,3.4,0.5,0
1141,53,30,9,3,COD,4.5,0.3,1
2107,41,22,10,7,UPI,4.2,0.45454545454545453,0
5037,29,16,8,2,CARD,2.6,0.5,1
8305,60,25,4,3,UPI,4.8,0.16,0
1443,40,8,3,9,COD,2.2,0.375,1
5896,44,13,1,4,CARD,4.7,0.07692307692307693,0
1666,62,21,0,4,COD,2.9,0.0,0
4157,54,1,0,3,COD,3.5,0.0,0
2166,23,16,6,5,COD,3.3,0.375,0
575,18,29,5,3,UPI,2.5,0.1724137931034483,0
462,23,7,6,9,COD,3.1,0.8571428571428571,1
4562,39,5,1,3,COD,2.6,0.2,1
6702,58,22,7,2,COD,2.6,0.3181818181818182,1
8033,41,29,10,5,COD,2.6,0.3448275862068966,1
2093,42,23,3,6,UPI,3.5,0.13043478260869565,1
8306,32,3,3,1,CARD,4.4,1.0,1
1852,43,12,6,6,UPI,3.7,0.5,1
5740,25,26,4,10,COD,4.7,0.15384615384615385,1
4092,41,16,9,3,COD,3.9,0.5625,1
799,55,19,9,4,CARD,4.1,0.47368421052631576,1
5015,23,5,3,6,COD,4.0,0.6,1
2112,52,22,7,8,CARD,3.3,0.3181818181818182,1
9684,59,25,8,9,COD,4.1,0.32,1
8992,18,29,4,6,CARD,2.2,0.13793103448275862,1
8772,63,14,9,7,COD,4.6,0.6428571428571429,1
4413,53,28,4,5,COD,4.3,0.14285714285714285,0
3837,29,5,1,9,UPI,2.7,0.2,1
9490,55,15,4,4,UPI,4.3,0.26666666666666666,1
5799,28,17,2,10,COD,2.0,0.11764705882352941,1
6648,29,30,6,6,UPI,2.7,0.2,1
8757,59,14,9,5,UPI,2.2,0.6428571428571429,1
7582,56,30,4,1,COD,4.3,0.13333333333333333,1
9182,24,20,7,5,COD,4.3,0.35,1
3769,28,5,0,5,UPI,4.4,0.0,1
7907,53,12,2,9,COD,2.0,0.16666666666666666,1
946,48,16,2,1,UPI,3.5,0.125,0
8704,50,26,8,5,COD,4.1,0.3076923076923077,1
4833,30,26,4,7,COD,2.5,0.15384615384615385,1
1120,35,16,8,6,COD,3.9,0.5,1
9469,58,21,8,6,UPI,2.3,0.38095238095238093,1
7208,41,7,0,7,COD,2.5,0.0,1
2581,26,4,1,6,COD,3.4,0.25,0
3818,48,1,0,5,COD,4.0,0.0,0
9189,58,30,3,10,CARD,2.4,0.1,1
4643,27,30,9,5,COD,2.6,0.3,1
472,19,5,0,9,UPI,2.6,0.0,0
1973,55,23,6,8,COD,2.7,0.2608695652173913,1
2747,32,26,5,10,COD,2.7,0.19230769230769232,1
3364,20,10,6,4,UPI,3.2,0.6,1
4980,60,22,0,4,UPI,4.0,0.0,0
1146,48,5,0,10,CARD,3.3,0.0,0
706,23,4,4,5,CARD,4.3,1.0,1
6919,20,2,0,3,UPI,4.2,0.0,0
8635,28,20,1,8,UPI,2.4,0.05,1
8897,32,10,9,7,UPI,2.1,0.9,1
6560,62,26,10,5,COD,4.6,0.38461538461538464,0
7857,45,19,8,10,CARD,2.2,0.42105263157894735,1
3790,27,26,6,3,UPI,2.4,0.23076923076923078,1
1392,55,1,1,5,UPI,2.1,1.0,1
1664,64,24,0,3,COD,3.9,0.0,0
590,24,5,0,10,COD,3.7,0.0,1
5815,32,13,1,5,CARD,5.0,0.07692307692307693,0
6306,35,4,1,1,COD,4.7,0.25,1
9064,35,16,0,6,COD,3.2,0.0,0
2760,58,24,9,10,COD,3.1,0.375,1
6067,41,16,4,4,CARD,2.9,0.25,0
1411,19,23,4,4,COD,2.5,0.17391304347826086,1
9321,57,2,1,8,CARD,2.4,0.5,1
1739,37,17,5,2,COD,2.4,0.29411764705882354,1
9304,51,28,8,4,CARD,2.3,0.2857142857142857,1
843,60,27,1,2,UPI,2.7,0.037037037037037035,1
8893,43,20,9,1,COD,2.9,0.45,1
9121,24,24,1,10,UPI,4.9,0.041666666666666664,0
1483,55,12,2,3,COD,3.7,0.16666666666666666,0
7880,47,18,6,8,COD,5.0,0.3333333333333333,1
7545,59,3,1,6,CARD,3.1,0.3333333333333333,1
4586,22,28,7,7,COD,3.4,0.25,1
1119,28,1,0,2,COD,3.0,0.0,0
2539,18,1,1,6,COD,2.5,1.0,1
9147,51,29,5,8,COD,2.4,0.1724137931034483,1
6130,18,19,10,8,CARD,4.8,0.5263157894736842,1
5602,36,11,9,4,COD,5.0,0.8181818181818182,1
5863,19,5,2,6,CARD,2.1,0.4,1
5475,38,12,2,5,CARD,2.5,0.16666666666666666,1
707,37,3,2,9,COD,3.3,0.6666666666666666,1
1636,40,1,0,8,COD,2.6,0.0,0
8950,38,1,1,2,CARD,3.1,1.0,1
7554,41,8,6,7,COD,2.4,0.75,1
4716,21,10,4,7,COD,3.4,0.4,1
3822,29,11,3,1,COD,2.8,0.2727272727272727,0
4599,39,12,9,1,UPI,3.1,0.75,1
5237,37,29,3,4,UPI,2.3,0.10344827586206896,0
8311,35,13,3,5,COD,3.3,0.23076923076923078,1
3915,18,12,5,4,COD,4.9,0.4166666666666667,1
8037,47,14,7,7,CARD,3.0,0.5,1
1501,50,2,0,3,UPI,4.6,0.0,0
7570,41,29,5,7,UPI,4.5,0.1724137931034483,0
5385,31,19,3,8,UPI,4.9,0.15789473684210525,0
2355,53,18,10,6,COD,4.4,0.5555555555555556,1
6611,22,3,0,6,UPI,4.0,0.0,1
6565,28,23,8,8,COD,4.6,0.34782608695652173,1
892,41,17,7,8,COD,2.2,0.4117647058823529,1
1678,48,26,9,7,UPI,3.4,0.34615384615384615,0
6596,30,8,0,6,COD,5.0,0.0,1
8648,33,29,1,6,CARD,4.3,0.034482758620689655,1
641,41,26,8,10,COD,4.9,0.3076923076923077,1
2846,30,10,7,6,CARD,4.3,0.7,1
5409,41,26,2,8,CARD,4.6,0.07692307692307693,0
6733,43,30,7,1,COD,4.1,0.23333333333333334,1
4877,19,2,0,5,UPI,4.3,0.0,0
7411,33,19,9,3,COD,3.6,0.47368421052631576,1
2845,55,9,3,8,CARD,4.8,0.3333333333333333,1
8410,63,7,2,6,UPI,4.5,0.2857142857142857,0
9516,18,4,3,2,UPI,4.5,0.75,1
8133,28,26,6,7,UPI,4.0,0.23076923076923078,1
5676,52,21,8,7,COD,2.9,0.38095238095238093,0
8128,60,18,10,5,COD,2.1,0.5555555555555556,1
2280,46,13,1,8,COD,4.8,0.07692307692307693,0
6289,54,11,10,5,UPI,3.8,0.9090909090909091,1
7596,34,29,2,1,UPI,2.9,0.06896551724137931,0
9939,56,24,4,9,UPI,2.4,0.16666666666666666,1
7997,59,4,2,4,COD,4.5,0.5,1
1061,45,25,10,2,UPI,4.5,0.4,0
8546,46,21,7,4,COD,4.4,0.3333333333333333,1
3694,60,29,9,9,CARD,3.9,0.3103448275862069,1
1104,20,25,7,2,CARD,3.1,0.28,1
1469,27,4,3,4,COD,2.9,0.75,1
604,59,10,8,2,COD,2.0,0.8,1
9235,31,5,3,5,COD,4.5,0.6,1
9956,29,9,4,3,UPI,2.3,0.4444444444444444,0
1384,64,24,4,10,UPI,3.9,0.16666666666666666,0
9138,59,3,3,2,UPI,3.5,1.0,1
1925,47,17,6,9,COD,3.6,0.35294117647058826,0
8662,49,3,0,5,UPI,4.8,0.0,0
6011,49,16,7,10,UPI,2.1,0.4375,1
5806,59,4,1,5,COD,4.3,0.25,1
4156,49,18,9,1,UPI,2.2,0.5,0
371,43,17,3,6,COD,2.1,0.17647058823529413,1
8665,18,7,5,7,UPI,3.3,0.7142857142857143,1
2506,59,24,1,1,CARD,2.2,0.041666666666666664,0
9550,19,23,6,9,COD,4.4,0.2608695652173913,1
621,34,30,2,8,CARD,3.6,0.06666666666666667,1
5740,47,5,4,8,UPI,2.1,0.8,1
9601,56,12,2,7,COD,2.1,0.16666666666666666,1
4875,24,17,10,5,UPI,3.8,0.5882352941176471,1
9282,44,23,1,3,UPI,4.4,0.043478260869565216,0
6948,26,13,10,9,COD,3.3,0.7692307692307693,1
6303,39,23,7,7,COD,3.7,0.30434782608695654,1
1673,51,25,5,10,COD,4.4,0.2,1
3443,63,3,0,10,COD,3.8,0.0,1
2381,18,9,0,8,COD,2.7,0.0,1
9841,26,30,6,6,COD,3.8,0.2,1
3296,37,17,7,5,COD,3.9,0.4117647058823529,0
6846,36,17,4,8,CARD,4.2,0.23529411764705882,1
9982,53,30,10,3,COD,3.9,0.3333333333333333,1
6082,57,20,4,7,UPI,4.9,0.2,1
6182,62,16,3,2,UPI,2.6,0.1875,1
5998,21,25,5,3,UPI,4.9,0.2,1
9827,26,22,5,2,COD,3.6,0.22727272727272727,1
8615,58,13,2,5,CARD,4.0,0.15384615384615385,0
8611,39,27,8,7,UPI,2.3,0.2962962962962963,0
8656,35,19,10,10,CARD,3.1,0.5263157894736842,1
9345,29,17,6,10,COD,4.3,0.35294117647058826,1
4724,59,4,0,1,COD,4.1,0.0,0
6759,60,12,6,10,UPI,2.1,0.5,1
7820,56,29,4,9,COD,3.6,0.13793103448275862,0
2974,26,9,4,1,UPI,2.3,0.4444444444444444,1
5873,23,19,1,1,COD,5.0,0.05263157894736842,1
3324,36,12,3,10,UPI,4.7,0.25,0
8871,64,9,5,8,CARD,2.1,0.5555555555555556,1
1553,24,7,1,6,UPI,4.6,0.14285714285714285,0
9281,33,28,10,6,CARD,4.8,0.35714285714285715,1
4054,22,14,6,9,UPI,3.1,0.42857142857142855,1
8334,33,20,10,4,UPI,4.2,0.5,1
1124,18,19,4,8,CARD,3.3,0.21052631578947367,0
2370,54,26,8,4,CARD,4.0,0.3076923076923077,1
5706,56,15,2,2,UPI,3.0,0.13333333333333333,1
2595,36,16,0,8,COD,3.0,0.0,1
8420,54,21,3,7,UPI,3.3,0.14285714285714285,0
8426,34,5,0,4,COD,2.4,0.0,0
5715,43,3,3,9,COD,4.5,1.0,1
2870,39,12,1,9,UPI,3.0,0.08333333333333333,0
3565,25,25,9,8,CARD,3.2,0.36,1
788,50,20,4,1,CARD,4.7,0.2,0
3338,19,27,2,7,COD,3.5,0.07407407407407407,1
9295,47,21,8,5,COD,3.6,0.38095238095238093,1
6863,64,4,3,7,CARD,4.9,0.75,1
4286,37,21,5,9,COD,4.7,0.23809523809523808,0
8731,35,23,1,2,UPI,2.5,0.043478260869565216,0
4470,60,16,5,4,COD,3.4,0.3125,1
6219,27,25,2,4,COD,4.9,0.08,0
756,41,7,3,2,CARD,3.1,0.42857142857142855,0
8222,21,13,8,3,COD,3.1,0.6153846153846154,1
5652,54,21,10,8,COD,2.6,0.47619047619047616,1
3767,21,10,1,9,COD,2.3,0.1,1
4099,30,26,8,6,CARD,4.2,0.3076923076923077,1
6677,42,7,4,10,CARD,4.3,0.5714285714285714,1
7700,30,14,7,2,COD,4.9,0.5,1
1216,35,26,1,2,COD,4.3,0.038461538461538464,0
6670,41,5,5,7,UPI,2.7,1.0,1
2262,19,3,2,8,COD,2.1,0.6666666666666666,1
9230,50,23,9,8,UPI,5.0,0.391304347826087,1
4521,36,29,4,6,COD,3.0,0.13793103448275862,1
3696,26,11,7,10,COD,2.9,0.6363636363636364,1
2013,45,11,9,8,UPI,4.7,0.8181818181818182,1
6456,52,18,0,1,COD,3.8,0.0,1
9843,56,15,4,9,CARD,2.6,0.26666666666666666,1
2513,27,12,2,1,COD,4.7,0.16666666666666666,1
9906,18,9,3,3,COD,5.0,0.3333333333333333,1
1431,59,10,1,9,CARD,2.3,0.1,1
6031,38,26,8,5,COD,4.6,0.3076923076923077,1
3199,26,12,2,9,UPI,3.2,0.16666666666666666,1
3640,64,17,1,9,COD,3.6,0.058823529411764705,1
4256,32,29,9,6,UPI,4.7,0.3103448275862069,1
505,52,6,2,1,UPI,4.9,0.3333333333333333,1
1889,22,7,0,10,COD,2.8,0.0,1
9909,58,14,6,7,CARD,2.6,0.42857142857142855,1
4117,39,13,5,6,UPI,2.2,0.38461538461538464,1
7280,58,8,0,9,COD,3.7,0.0,0
8811,40,10,4,7,UPI,2.0,0.4,1
3136,24,9,2,4,UPI,3.2,0.2222222222222222,0
4062,40,18,0,7,COD,2.2,0.0,0
9842,61,27,3,2,COD,3.2,0.1111111111111111,1
5849,42,26,1,6,COD,2.1,0.038461538461538464,1
3461,44,2,1,6,COD,4.5,0.5,1
9556,58,5,2,2,UPI,2.6,0.4,0
2019,23,29,7,4,UPI,3.0,0.2413793103448276,1
1542,51,5,3,8,CARD,4.6,0.6,0
5760,26,6,6,8,COD,4.2,1.0,1
2426,50,19,6,8,COD,2.7,0.3157894736842105,0
1279,23,8,5,8,UPI,2.2,0.625,1
4406,54,16,8,1,UPI,4.1,0.5,1
6480,48,13,3,2,UPI,3.2,0.23076923076923078,0
7435,51,1,1,4,COD,4.3,1.0,1
1013,58,22,0,9,COD,3.3,0.0,1
5289,46,20,7,3,COD,3.0,0.35,1
2231,31,17,6,6,CARD,3.4,0.35294117647058826,0
8714,53,7,6,7,COD,4.2,0.8571428571428571,1
9295,53,25,2,8,CARD,4.7,0.08,1
9933,32,13,3,7,UPI,2.1,0.23076923076923078,0
6111,25,4,1,3,COD,3.6,0.25,1
2853,43,4,0,6,UPI,2.1,0.0,0
3540,53,6,6,5,CARD,3.4,1.0,1
8076,38,28,5,10,CARD,4.7,0.17857142857142858,1
1341,45,19,4,4,COD,3.1,0.21052631578947367,0
9241,21,29,2,1,COD,4.8,0.06896551724137931,0
8758,33,12,8,7,COD,3.9,0.6666666666666666,1
3097,39,22,4,8,COD,4.8,0.18181818181818182,1
9481,29,7,4,2,UPI,4.3,0.5714285714285714,1
4241,33,27,3,7,CARD,2.3,0.1111111111111111,1
2238,57,10,3,6,COD,2.7,0.3,1
4470,55,26,0,5,UPI,3.2,0.0,0
4883,59,19,6,4,UPI,2.5,0.3157894736842105,0
694,54,7,0,2,COD,3.5,0.0,0
7316,46,30,2,10,COD,3.4,0.06666666666666667,1
1984,35,3,3,6,UPI,4.9,1.0,0
3710,27,13,1,5,CARD,3.3,0.07692307692307693,0
3986,59,13,2,2,UPI,4.4,0.15384615384615385,0
5466,56,18,0,10,COD,4.8,0.0,1
9390,35,28,5,7,COD,4.6,0.17857142857142858,1
5628,18,30,10,6,COD,2.6,0.3333333333333333,1
6881,56,26,10,9,UPI,3.5,0.38461538461538464,1
7093,38,20,6,10,UPI,3.0,0.3,1
9843,18,28,10,5,COD,3.2,0.35714285714285715,1
4858,32,8,1,9,CARD,3.1,0.125,0
7282,21,29,7,9,UPI,4.5,0.2413793103448276,0
7069,37,9,5,1,UPI,3.4,0.5555555555555556,1
7807,27,7,5,5,CARD,3.6,0.7142857142857143,1
7869,40,1,1,9,COD,4.9,1.0,1
6419,58,3,0,7,CARD,2.2,0.0,0
4734,51,13,7,6,COD,3.5,0.5384615384615384,0
6179,63,28,2,6,COD,4.3,0.07142857142857142,0
9090,50,30,2,7,CARD,2.5,0.06666666666666667,0
1512,51,25,10,1,CARD,3.8,0.4,1
3162,56,28,3,4,UPI,2.7,0.10714285714285714,1
3138,27,17,0,1,UPI,4.6,0.0,1
3397,37,25,8,6,UPI,3.0,0.32,1
5496,18,24,7,4,CARD,3.0,0.2916666666666667,1
7404,30,1,1,1,COD,3.8,1.0,1
5930,18,6,5,9,CARD,2.6,0.8333333333333334,1
326,22,21,9,4,UPI,2.9,0.42857142857142855,0
5802,33,6,5,6,UPI,3.2,0.8333333333333334,1
1391,32,26,6,7,COD,3.1,0.23076923076923078,0
2839,45,12,5,8,UPI,3.6,0.4166666666666667,0
1566,48,13,8,9,CARD,3.8,0.6153846153846154,1
9411,40,13,2,9,UPI,3.7,0.15384615384615385,0
6653,62,29,2,8,CARD,4.0,0.06896551724137931,1
6871,60,15,2,10,COD,2.9,0.13333333333333333,1
6883,34,21,9,3,UPI,2.4,0.42857142857142855,1
4739,51,16,2,2,CARD,4.3,0.125,0
9076,30,22,8,5,UPI,4.6,0.36363636363636365,1
3087,31,21,3,1,UPI,2.8,0.14285714285714285,1
9854,28,11,6,3,UPI,3.2,0.5454545454545454,1
4286,45,28,8,1,CARD,3.5,0.2857142857142857,0
2461,59,5,2,3,CARD,3.6,0.4,0
4380,49,4,3,4,COD,4.0,0.75,1
3041,52,3,2,7,CARD,2.1,0.6666666666666666,0
6240,48,19,8,5,COD,4.2,0.42105263157894735,1
3760,34,20,2,5,COD,2.2,0.1,1
4958,64,25,3,1,CARD,3.4,0.12,0
826,26,18,7,8,COD,4.5,0.3888888888888889,1
5214,27,15,5,4,CARD,3.4,0.3333333333333333,0
1575,25,9,4,10,COD,2.4,0.4444444444444444,1
1381,38,17,3,5,COD,5.0,0.17647058823529413,0
5908,30,14,7,2,UPI,4.7,0.5,0
690,22,15,0,1,COD,4.3,0.0,0
3929,23,1,1,9,UPI,3.2,1.0,1
6174,47,21,8,2,COD,2.6,0.38095238095238093,0
3734,48,22,0,6,COD,4.8,0.0,1
3496,34,22,7,1,COD,3.6,0.3181818181818182,1
2140,28,3,3,1,COD,4.6,1.0,1
5214,37,16,8,9,UPI,3.0,0.5,1
2082,26,23,10,4,COD,3.0,0.43478260869565216,1
5108,19,25,4,9,UPI,5.0,0.16,1
3187,54,11,2,5,CARD,3.6,0.18181818181818182,0
5785,18,12,8,7,UPI,2.4,0.6666666666666666,1
3359,21,10,10,1,CARD,2.7,1.0,1
4730,53,16,8,6,COD,3.4,0.5,1
881,42,8,3,8,COD,2.1,0.375,1
5454,20,6,2,1,CARD,3.4,0.3333333333333333,0
1273,26,12,3,9,UPI,3.3,0.25,0
2587,39,24,7,3,UPI,4.3,0.2916666666666667,0
2893,40,28,1,1,UPI,3.1,0.03571428571428571,0
9762,29,21,8,1,COD,4.9,0.38095238095238093,1
4540,27,8,5,6,COD,2.5,0.625,1
2356,51,26,8,6,UPI,3.8,0.3076923076923077,1
8166,60,28,7,1,UPI,2.3,0.25,0
2780,27,4,4,3,UPI,4.2,1.0,1
7457,47,26,0,7,CARD,5.0,0.0,1
2359,39,8,2,10,COD,4.5,0.25,1
6972,23,26,10,3,COD,3.7,0.38461538461538464,1
1827,19,28,1,3,CARD,3.5,0.03571428571428571,0
8419,47,18,4,3,UPI,4.5,0.2222222222222222,1
7280,19,28,4,7,UPI,4.8,0.14285714285714285,1
2185,49,28,4,4,COD,5.0,0.14285714285714285,0
9913,59,5,3,4,COD,3.2,0.6,1
8688,33,9,4,3,UPI,5.0,0.4444444444444444,0
2381,29,4,2,10,COD,2.5,0.5,1
2496,18,27,0,9,CARD,2.8,0.0,0
7364,25,22,4,2,CARD,2.3,0.18181818181818182,1
2797,30,17,8,4,CARD,2.8,0.47058823529411764,1
1101,32,9,8,8,COD,4.3,0.8888888888888888,1
6260,61,1,1,6,UPI,4.6,1.0,1
9490,25,21,2,7,COD,4.3,0.09523809523809523,1
1877,27,20,0,7,COD,3.9,0.0,0
3081,63,13,1,2,COD,3.5,0.07692307692307693,0
5822,22,28,7,4,COD,4.1,0.25,1
8252,36,16,0,10,CARD,3.2,0.0,0
1578,64,29,7,10,COD,4.5,0.2413793103448276,1
1448,55,13,6,6,COD,4.0,0.46153846153846156,1
5850,28,14,7,3,CARD,4.1,0.5,1
6279,60,3,3,9,COD,3.6,1.0,1
9656,37,29,5,4,UPI,4.7,0.1724137931034483,0
7236,37,6,3,10,COD,2.8,0.5,1
6687,38,18,8,2,COD,3.1,0.4444444444444444,1
1258,35,19,2,6,CARD,4.3,0.10526315789473684,1
2248,27,5,1,1,COD,3.5,0.2,0
6315,51,15,3,6,UPI,4.7,0.2,1
4448,43,25,5,10,COD,3.0,0.2,1
2676,47,2,0,1,COD,3.1,0.0,1
4803,26,10,2,8,COD,4.7,0.2,0
3753,63,24,5,5,COD,3.4,0.20833333333333334,1
420,48,30,3,6,COD,3.5,0.1,0
5018,59,18,8,2,UPI,3.0,0.4444444444444444,0
7392,21,27,2,2,UPI,2.8,0.07407407407407407,0
4823,23,13,3,9,COD,4.0,0.23076923076923078,1
7549,31,5,3,3,COD,2.4,0.6,1
5818,21,23,3,6,CARD,4.6,0.13043478260869565,1
7409,43,24,5,10,CARD,4.3,0.20833333333333334,1
4776,64,1,1,5,UPI,2.6,1.0,1
2071,56,22,2,4,CARD,4.1,0.09090909090909091,0
8115,34,1,1,10,COD,3.8,1.0,1
1662,36,18,1,2,COD,2.6,0.05555555555555555,0
5721,23,15,7,8,UPI,2.8,0.4666666666666667,1
8736,46,17,1,10,UPI,3.2,0.058823529411764705,1
8436,28,11,10,7,UPI,4.1,0.9090909090909091,1
8013,33,21,6,2,COD,3.9,0.2857142857142857,0
2268,47,26,8,6,CARD,3.6,0.3076923076923077,1
5953,42,25,0,8,CARD,4.3,0.0,0
7437,57,22,7,7,COD,4.3,0.3181818181818182,1
7216,28,27,6,1,UPI,3.9,0.2222222222222222,0
6391,24,27,5,5,COD,4.4,0.18518518518518517,0
1714,43,17,5,2,COD,3.0,0.29411764705882354,0
2798,39,13,5,6,COD,4.6,0.38461538461538464,1
1201,42,1,0,7,COD,3.8,0.0,1
1233,36,2,1,7,COD,4.5,0.5,1
7099,48,9,0,3,CARD,3.6,0.0,1
8665,43,3,0,7,COD,2.7,0.0,1
5251,59,1,1,5,UPI,3.6,1.0,1
4676,58,21,5,8,COD,3.1,0.23809523809523808,1
678,53,16,9,8,COD,4.1,0.5625,1
715,40,23,10,7,CARD,3.4,0.43478260869565216,1
1391,64,6,2,6,UPI,4.5,0.3333333333333333,0
6497,30,28,9,2,CARD,4.0,0.32142857142857145,1
9803,42,17,0,6,CARD,4.1,0.0,1
471,19,5,0,9,COD,2.7,0.0,1
8534,19,5,4,2,COD,5.0,0.8,1
7978,33,6,4,1,CARD,4.5,0.6666666666666666,1
6208,26,3,0,5,CARD,4.4,0.0,0
8187,45,21,2,6,UPI,3.0,0.09523809523809523,1
3532,30,23,7,3,UPI,3.6,0.30434782608695654,1
987,52,5,5,8,UPI,2.4,1.0,1
6422,58,21,2,7,COD,3.6,0.09523809523809523,1
822,30,5,4,2,UPI,2.4,0.8,1
4041,48,10,3,7,CARD,3.7,0.3,1
3876,38,10,7,1,UPI,3.9,0.7,1
2772,49,19,0,9,COD,3.2,0.0,0
7115,51,17,5,7,COD,3.5,0.29411764705882354,1
5233,25,21,0,6,COD,4.6,0.0,1
7988,58,14,0,2,COD,2.3,0.0,1
5414,19,9,7,3,CARD,4.4,0.7777777777777778,1
4912,55,14,10,1,COD,2.5,0.7142857142857143,1
266,49,1,1,10,COD,2.1,1.0,1
7733,57,19,0,5,COD,2.6,0.0,0
4816,45,13,9,9,UPI,4.3,0.6923076923076923,1
1340,54,13,6,6,UPI,3.2,0.46153846153846156,1
5930,58,4,4,5,COD,4.6,1.0,1
7665,18,30,4,3,COD,3.6,0.13333333333333333,1
9579,58,1,0,5,COD,2.1,0.0,0
4671,27,17,9,8,UPI,4.2,0.5294117647058824,1
3539,21,8,5,2,COD,2.3,0.625,1
748,52,2,1,5,CARD,4.4,0.5,0
7875,27,28,8,6,UPI,2.5,0.2857142857142857,0
8464,64,8,8,10,COD,3.0,1.0,1
398,28,7,7,8,UPI,4.3,1.0,1
771,31,26,4,8,COD,4.9,0.15384615384615385,0
990,55,26,0,5,UPI,3.1,0.0,0
1374,29,2,0,9,COD,4.5,0.0,0
378,62,22,0,4,UPI,2.6,0.0,0
2444,34,22,7,9,UPI,4.4,0.3181818181818182,0
4286,33,3,0,7,CARD,4.0,0.0,0
934,52,27,2,6,COD,2.6,0.07407407407407407,1
6432,19,18,10,4,COD,2.9,0.5555555555555556,1
998,28,12,6,2,UPI,2.4,0.5,1
7801,58,1,0,8,CARD,3.1,0.0,1
9179,20,22,8,6,CARD,2.6,0.36363636363636365,1
2995,46,12,6,3,COD,3.9,0.5,0
4788,35,5,4,7,COD,5.0,0.8,1
7497,37,30,10,10,UPI,2.0,0.3333333333333333,1
3284,64,30,2,7,COD,3.6,0.06666666666666667,1
931,31,27,10,6,COD,3.7,0.37037037037037035,1
1329,51,25,0,2,COD,4.7,0.0,0
1805,48,17,7,8,UPI,3.5,0.4117647058823529,0
3133,57,16,2,1,CARD,3.6,0.125,0
9607,59,15,7,1,CARD,3.4,0.4666666666666667,1
8716,35,23,7,6,COD,2.8,0.30434782608695654,1
5274,47,15,4,5,UPI,2.2,0.26666666666666666,1
7299,42,5,4,9,CARD,3.2,0.8,1
1690,36,21,0,7,COD,2.2,0.0,0
1093,25,14,9,2,UPI,3.7,0.6428571428571429,0
1590,45,2,2,7,COD,2.9,1.0,1
3589,25,11,9,3,COD,3.6,0.8181818181818182,1
4439,48,19,4,1,COD,2.4,0.21052631578947367,1
4679,20,7,7,8,COD,4.8,1.0,1
2463,20,6,0,3,UPI,4.7,0.0,0
3632,61,28,10,8,COD,2.6,0.35714285714285715,1
2571,39,2,1,7,COD,3.0,0.5,1
4512,34,6,6,2,COD,3.8,1.0,1
1715,53,18,6,1,CARD,2.3,0.3333333333333333,1
6526,34,2,0,7,UPI,3.1,0.0,0
7288,31,18,3,1,UPI,2.8,0.16666666666666666,1
5786,26,30,1,6,UPI,4.7,0.03333333333333333,1
3117,47,15,1,10,COD,4.6,0.06666666666666667,0
5931,38,27,1,10,COD,3.7,0.037037037037037035,1
7886,29,19,3,8,UPI,3.6,0.15789473684210525,1
1367,54,2,1,7,COD,4.8,0.5,1
8502,49,20,0,4,COD,4.8,0.0,1
5309,28,25,3,1,UPI,4.9,0.12,0
4527,37,6,1,1,COD,2.4,0.16666666666666666,0
6010,52,1,0,4,COD,2.5,0.0,1
3855,64,24,2,5,UPI,4.0,0.08333333333333333,0
3993,63,15,7,7,COD,3.6,0.4666666666666667,1
6938,28,28,3,4,UPI,2.1,0.10714285714285714,1
1777,25,30,0,10,UPI,2.2,0.0,0
9688,21,23,0,1,UPI,4.7,0.0,0
2420,44,10,9,10,UPI,4.6,0.9,1
9364,61,19,2,7,COD,3.1,0.10526315789473684,1
1230,57,17,8,2,COD,4.7,0.47058823529411764,1
6891,55,5,1,2,COD,3.8,0.2,0
4192,64,29,8,8,COD,4.4,0.27586206896551724,1
1113,47,4,1,10,CARD,3.3,0.25,0
6558,61,10,1,10,CARD,2.3,0.1,1
2381,44,24,2,10,COD,3.3,0.08333333333333333,1
3397,38,17,10,5,COD,3.4,0.5882352941176471,0
6240,37,10,9,10,COD,3.7,0.9,1
1662,21,17,1,2,COD,2.3,0.058823529411764705,0
7237,28,28,2,5,COD,5.0,0.07142857142857142,1
9699,30,20,5,8,UPI,2.7,0.25,1
5194,26,24,8,6,CARD,2.6,0.3333333333333333,1
9581,21,5,0,3,UPI,3.6,0.0,0
5508,29,2,2,8,COD,3.6,1.0,1
6421,26,6,3,9,COD,3.3,0.5,1
7290,30,21,2,5,UPI,4.3,0.09523809523809523,0
7969,43,2,1,2,CARD,3.5,0.5,0
887,55,13,10,2,CARD,3.8,0.7692307692307693,1
4861,59,30,4,7,CARD,4.2,0.13333333333333333,0
9599,30,11,1,1,UPI,2.1,0.09090909090909091,0
2094,56,11,5,10,UPI,3.7,0.45454545454545453,1
7589,45,16,2,2,COD,4.7,0.125,1
5122,36,11,7,10,UPI,2.1,0.6363636363636364,1
6522,41,19,1,4,COD,3.2,0.05263157894736842,1
3383,36,15,0,1,COD,4.8,0.0,0
3997,30,25,8,4,UPI,3.1,0.32,1
5378,30,23,2,10,COD,3.4,0.08695652173913043,1
4168,45,23,10,5,COD,4.9,0.43478260869565216,1
2916,19,16,0,9,COD,2.6,0.0,1
390,27,11,6,1,COD,2.2,0.5454545454545454,1
1535,39,22,9,5,COD,4.6,0.4090909090909091,1
8381,30,16,4,2,COD,4.6,0.25,0
578,26,8,4,9,COD,3.4,0.5,1
4029,50,4,0,6,COD,3.5,0.0,0
6580,31,8,8,2,CARD,4.5,1.0,0
815,37,4,0,3,COD,4.2,0.0,0
2530,32,24,5,8,COD,2.8,0.20833333333333334,1
1954,49,25,4,1,UPI,2.1,0.16,0
663,50,3,1,3,CARD,3.4,0.3333333333333333,0
9358,34,3,2,10,UPI,4.6,0.6666666666666666,1
4467,41,27,1,1,COD,4.7,0.037037037037037035,0
3358,47,29,3,8,UPI,4.9,0.10344827586206896,1
3824,30,18,2,1,UPI,4.6,0.1111111111111111,0
5138,64,29,6,5,UPI,3.7,0.20689655172413793,1
5617,33,26,8,4,UPI,3.3,0.3076923076923077,1
6204,19,19,4,7,CARD,4.3,0.21052631578947367,1
9081,34,19,5,5,CARD,4.2,0.2631578947368421,1
5803,49,21,9,8,UPI,3.6,0.42857142857142855,1
2412,60,5,5,1,COD,2.3,1.0,1
6320,25,18,1,5,UPI,4.8,0.05555555555555555,0
6018,20,28,2,4,CARD,3.4,0.07142857142857142,1
582,29,10,2,3,COD,3.1,0.2,0
2456,37,29,8,5,CARD,3.9,0.27586206896551724,1
1612,33,22,6,10,COD,4.0,0.2727272727272727,1
9975,31,21,7,3,UPI,2.6,0.3333333333333333,0
6346,33,6,2,8,CARD,4.5,0.3333333333333333,1
571,60,1,1,3,COD,2.9,1.0,1
6006,50,5,1,1,UPI,2.6,0.2,1
5765,47,9,8,9,COD,3.2,0.8888888888888888,1
9002,29,12,5,9,COD,4.2,0.4166666666666667,1
8507,32,26,3,6,COD,4.9,0.11538461538461539,0
7637,35,14,0,10,COD,4.4,0.0,0
646,45,2,2,1,COD,4.8,1.0,1
1591,40,17,1,8,CARD,2.4,0.058823529411764705,1
1540,31,14,7,2,CARD,2.2,0.5,0
3139,47,26,4,9,COD,3.7,0.15384615384615385,1
6169,50,13,6,8,UPI,2.9,0.46153846153846156,1
9465,62,27,3,3,COD,4.5,0.1111111111111111,0
5013,32,9,4,5,COD,4.0,0.4444444444444444,1
3769,24,26,7,9,COD,4.9,0.2692307692307692,1
5654,32,25,0,1,CARD,2.8,0.0,1
3350,59,15,0,9,CARD,3.5,0.0,0
9997,63,25,3,4,COD,3.5,0.12,1
6614,55,22,2,4,COD,2.7,0.09090909090909091,1
4857,63,15,9,4,COD,3.8,0.6,1
7147,61,24,1,10,UPI,3.3,0.041666666666666664,1
8143,28,30,2,9,UPI,3.3,0.06666666666666667,1
3862,46,11,10,6,COD,3.1,0.9090909090909091,1
4682,48,16,10,8,UPI,2.1,0.625,1
4997,42,29,10,4,COD,3.6,0.3448275862068966,1
5268,41,17,0,3,CARD,3.0,0.0,0
5680,36,26,0,1,UPI,2.0,0.0,0
8233,19,4,4,10,COD,2.9,1.0,1
1183,39,1,1,7,UPI,2.8,1.0,1
5807,37,8,1,4,CARD,3.2,0.125,0
8743,50,17,3,8,COD,2.4,0.17647058823529413,1
9671,25,3,3,3,COD,3.5,1.0,1
2107,42,29,5,1,CARD,4.1,0.1724137931034483,0
7124,63,20,0,5,COD,3.9,0.0,0
9416,26,15,3,2,COD,4.4,0.2,0
8937,51,15,0,3,UPI,3.4,0.0,0
4374,40,24,1,6,CARD,3.6,0.041666666666666664,0
9280,22,22,4,3,UPI,4.4,0.18181818181818182,0
7465,42,14,7,3,CARD,3.3,0.5,1
9497,25,26,7,6,UPI,4.1,0.2692307692307692,1
2190,33,28,10,5,COD,3.3,0.35714285714285715,1
5796,62,23,2,10,UPI,3.3,0.08695652173913043,1
4198,32,14,10,9,UPI,4.3,0.7142857142857143,1
3975,18,24,3,1,COD,2.5,0.125,0
9312,39,2,1,3,COD,3.0,0.5,1
4845,20,13,10,3,COD,2.7,0.7692307692307693,1
2261,55,26,5,6,UPI,3.1,0.19230769230769232,0
4687,31,14,10,8,CARD,2.7,0.7142857142857143,0
4635,53,27,10,3,UPI,3.7,0.37037037037037035,1
2844,35,24,9,3,CARD,4.4,0.375,0
1245,64,19,2,6,COD,4.4,0.10526315789473684,0
8151,58,7,1,8,CARD,3.1,0.14285714285714285,1
6649,35,3,1,6,CARD,5.0,0.3333333333333333,1
2881,20,15,10,10,COD,3.8,0.6666666666666666,1
3399,27,23,4,3,CARD,3.2,0.17391304347826086,1
6968,56,14,9,4,COD,4.5,0.6428571428571429,1
9330,64,11,4,1,CARD,4.2,0.36363636363636365,0
7640,18,15,9,8,CARD,4.2,0.6,1
8833,44,28,4,4,UPI,2.6,0.14285714285714285,1
2750,44,13,9,6,UPI,3.4,0.6923076923076923,1
4425,28,18,4,3,COD,4.6,0.2222222222222222,0
796,22,26,2,6,UPI,3.5,0.07692307692307693,0
6254,24,6,6,9,COD,4.1,1.0,1
1705,36,3,1,9,UPI,3.8,0.3333333333333333,1
9253,46,19,3,10,UPI,4.5,0.15789473684210525,1
6668,32,15,1,3,CARD,2.9,0.06666666666666667,1
7436,52,25,8,3,COD,3.7,0.32,1
1751,64,23,0,4,CARD,2.4,0.0,0
7052,54,5,4,7,CARD,4.1,0.8,1
1649,29,28,10,3,UPI,4.2,0.35714285714285715,0
6153,47,10,3,10,COD,2.1,0.3,1
8656,37,7,0,8,COD,4.0,0.0,1
8242,54,25,5,8,COD,3.2,0.2,1
2859,20,17,3,6,UPI,2.4,0.17647058823529413,1
7709,26,7,4,4,UPI,3.3,0.5714285714285714,1
8093,58,22,4,5,CARD,2.6,0.18181818181818182,1
7645,56,26,8,2,COD,3.2,0.3076923076923077,0
2921,43,30,0,6,COD,3.2,0.0,1
9854,19,12,1,3,UPI,4.2,0.08333333333333333,0
9837,40,25,5,6,CARD,4.3,0.2,0
3125,40,17,4,5,CARD,3.8,0.23529411764705882,1
7304,38,13,10,2,CARD,2.1,0.7692307692307693,1
6440,33,20,6,5,COD,4.8,0.3,1
712,26,25,2,5,UPI,4.1,0.08,0
415,30,4,2,9,CARD,2.1,0.5,1
7499,45,10,9,8,UPI,4.5,0.9,1
3353,44,3,1,7,COD,2.6,0.3333333333333333,1
7650,34,9,2,3,COD,3.7,0.2222222222222222,1
1906,55,13,9,10,COD,3.4,0.6923076923076923,1
1767,53,18,0,4,UPI,3.3,0.0,0
1328,18,15,4,6,COD,4.7,0.26666666666666666,1
3710,35,4,3,3,COD,3.3,0.75,1
8067,26,15,4,9,COD,2.2,0.26666666666666666,1
2565,30,22,10,8,UPI,4.8,0.45454545454545453,1
5783,57,2,2,6,COD,4.8,1.0,1
5097,62,15,3,4,UPI,4.1,0.2,0
5918,32,8,2,7,COD,3.4,0.25,1
6201,60,8,0,3,COD,2.3,0.0,1
4767,61,17,7,10,UPI,4.4,0.4117647058823529,1
9471,63,12,2,8,COD,2.2,0.16666666666666666,1
2941,21,19,1,1,COD,2.2,0.05263157894736842,1
3220,50,10,10,3,COD,3.6,1.0,1
6456,41,9,3,5,CARD,2.5,0.3333333333333333,0
428,53,5,2,5,UPI,2.0,0.4,1
8562,58,6,4,10,COD,3.3,0.6666666666666666,1
494,27,20,0,2,COD,2.4,0.0,0
4484,53,26,2,10,CARD,2.5,0.07692307692307693,1
8817,37,2,1,8,UPI,2.2,0.5,0
7001,58,27,7,5,COD,2.6,0.25925925925925924,1
1118,62,24,5,7,UPI,4.1,0.20833333333333334,0
698,61,27,8,7,UPI,4.4,0.2962962962962963,0
3009,28,13,7,5,UPI,3.4,0.5384615384615384,1
5161,29,6,1,8,UPI,3.5,0.16666666666666666,1
9217,35,5,2,9,COD,2.1,0.4,1
3979,47,25,4,4,COD,2.2,0.16,1
2318,61,1,0,4,CARD,2.8,0.0,0
6591,54,21,4,8,UPI,3.6,0.19047619047619047,1
345,37,22,7,1,COD,4.2,0.3181818181818182,0
8142,42,21,4,4,CARD,3.8,0.19047619047619047,1
4765,29,6,0,6,CARD,3.2,0.0,0
392,38,6,4,4,CARD,2.4,0.6666666666666666,1
5387,42,23,3,6,CARD,4.3,0.13043478260869565,0
6837,28,16,5,5,CARD,3.1,0.3125,0
8443,26,4,2,9,COD,4.2,0.5,1
2610,42,30,10,10,CARD,3.5,0.3333333333333333,0
2020,52,11,4,9,CARD,4.2,0.36363636363636365,1
3164,49,30,1,4,COD,4.7,0.03333333333333333,1
2721,31,30,10,4,COD,4.8,0.3333333333333333,1
2768,18,30,5,8,CARD,3.6,0.16666666666666666,0
6082,34,24,5,10,COD,3.5,0.20833333333333334,1
2067,42,23,4,4,CARD,2.8,0.17391304347826086,0
7665,25,9,5,2,COD,4.8,0.5555555555555556,1
7802,22,23,10,2,COD,3.4,0.43478260869565216,1
3399,22,3,2,1,UPI,2.4,0.6666666666666666,1
6303,58,19,4,5,COD,3.3,0.21052631578947367,0
440,52,8,0,6,UPI,2.4,0.0,1
3640,36,5,3,9,UPI,3.5,0.6,1
4831,40,4,0,5,COD,3.7,0.0,0
9799,26,24,9,6,COD,3.0,0.375,1
8474,47,6,3,6,COD,2.2,0.5,1
5277,33,2,1,3,COD,4.8,0.5,0
3968,50,20,0,4,UPI,4.3,0.0,0
9342,19,28,2,1,COD,4.5,0.07142857142857142,0
8195,31,11,2,4,COD,3.1,0.18181818181818182,0
9002,63,4,1,1,UPI,4.3,0.25,1
6629,18,15,3,5,COD,3.5,0.2,1
3805,43,6,5,8,COD,2.6,0.8333333333333334,1
2373,42,22,6,8,COD,2.4,0.2727272727272727,1
9914,33,17,9,5,CARD,3.0,0.5294117647058824,1
6768,32,30,3,10,CARD,2.4,0.1,1
2801,43,24,5,2,CARD,5.0,0.20833333333333334,0
2857,64,6,2,6,COD,2.1,0.3333333333333333,1
6280,61,19,0,1,COD,3.3,0.0,0
7525,33,30,7,7,UPI,3.4,0.23333333333333334,1
2359,31,25,6,4,UPI,2.9,0.24,1
4030,46,2,2,5,CARD,3.7,1.0,1
8513,41,15,10,6,COD,2.4,0.6666666666666666,1
4568,64,11,10,1,COD,4.4,0.9090909090909091,1
1517,32,8,8,9,UPI,3.0,1.0,1
4693,36,26,2,10,CARD,3.8,0.07692307692307693,0
1430,25,19,1,4,CARD,4.1,0.05263157894736842,0
1333,51,13,0,8,UPI,4.7,0.0,0
7807,19,12,2,5,CARD,4.5,0.16666666666666666,1
1501,44,5,4,8,UPI,3.8,0.8,1
2110,27,6,5,1,CARD,3.2,0.8333333333333334,0
8282,52,26,10,8,CARD,3.5,0.38461538461538464,1
8307,40,22,1,4,CARD,4.3,0.045454545454545456,0
9897,25,4,3,2,COD,4.6,0.75,1
8170,45,19,2,6,COD,2.3,0.10526315789473684,1
2116,40,20,3,2,UPI,3.2,0.15,0
7196,21,1,0,5,UPI,4.3,0.0,1
2957,31,20,2,2,CARD,3.3,0.1,1
6664,59,17,8,3,COD,3.0,0.47058823529411764,1
378,46,12,7,6,COD,3.2,0.5833333333333334,1
9288,18,15,3,1,UPI,3.8,0.2,0
6562,21,1,0,6,COD,5.0,0.0,0
9943,49,26,0,3,COD,3.5,0.0,1
8883,50,14,0,7,COD,2.6,0.0,1
260,43,6,0,2,UPI,2.5,0.0,0
9469,34,5,0,6,COD,2.1,0.0,1
6881,56,30,7,8,CARD,3.7,0.23333333333333334,1
3095,40,11,2,1,COD,3.6,0.18181818181818182,0
785,49,4,2,9,CARD,2.6,0.5,1
6023,32,13,10,5,UPI,4.1,0.7692307692307693,1
734,30,11,4,5,COD,4.2,0.36363636363636365,0
3662,19,3,0,5,COD,2.8,0.0,1
4211,36,1,0,6,COD,3.0,0.0,0
3598,41,6,5,2,UPI,5.0,0.8333333333333334,1
2355,62,18,6,6,COD,3.1,0.3333333333333333,1
6166,41,24,1,4,COD,4.3,0.041666666666666664,1
7529,28,10,5,8,UPI,3.4,0.5,1
7157,39,5,4,9,COD,4.4,0.8,1
9396,32,23,5,9,COD,4.3,0.21739130434782608,1
5525,27,10,10,8,UPI,4.0,1.0,1
8718,58,12,2,3,CARD,4.6,0.16666666666666666,0
4903,44,2,1,10,COD,4.8,0.5,1
2906,26,13,9,4,COD,3.7,0.6923076923076923,1
201,45,8,4,1,CARD,2.7,0.5,1
9425,18,2,1,9,COD,3.2,0.5,1
8516,34,20,8,5,CARD,4.3,0.4,1
1304,48,1,1,6,COD,4.0,1.0,1
2061,61,5,2,3,CARD,2.5,0.4,0
5469,27,9,7,10,COD,2.2,0.7777777777777778,1
7143,54,17,8,8,CARD,4.0,0.47058823529411764,1
8520,46,9,2,7,COD,2.8,0.2222222222222222,1
637,35,11,2,1,UPI,3.5,0.18181818181818182,0
5046,64,15,1,10,COD,4.2,0.06666666666666667,1
3329,55,24,7,5,COD,3.7,0.2916666666666667,1
9613,56,6,1,10,UPI,2.2,0.16666666666666666,1
8281,23,23,0,9,UPI,2.6,0.0,0
1101,57,3,3,6,CARD,2.7,1.0,1
5598,29,30,6,8,COD,2.8,0.2,1
6878,31,17,6,10,CARD,3.7,0.35294117647058826,0
5729,61,5,2,1,COD,3.5,0.4,1
6804,27,30,0,10,CARD,2.6,0.0,1
4118,37,28,3,7,CARD,2.2,0.10714285714285714,0
1267,32,12,8,3,COD,2.5,0.6666666666666666,0
226,48,18,4,9,CARD,5.0,0.2222222222222222,0
7137,24,14,0,6,CARD,3.4,0.0,1
7464,58,21,4,5,COD,4.6,0.19047619047619047,1
7318,27,24,7,8,UPI,4.5,0.2916666666666667,0
747,27,11,7,8,COD,3.5,0.6363636363636364,1
8958,56,9,4,3,CARD,4.1,0.4444444444444444,0
9095,45,2,0,2,COD,2.6,0.0,1
5538,47,12,0,2,COD,4.1,0.0,0
3340,54,3,3,5,COD,2.8,1.0,1
8196,20,3,2,10,UPI,4.5,0.6666666666666666,1
1790,60,1,1,7,CARD,2.3,1.0,1
7976,32,8,7,8,CARD,4.3,0.875,0
5143,38,22,6,10,COD,2.3,0.2727272727272727,1
9197,54,28,8,8,COD,4.6,0.2857142857142857,1
7998,29,29,1,8,UPI,2.9,0.034482758620689655,1
3991,21,8,3,10,UPI,4.0,0.375,0
1557,64,11,5,3,COD,3.5,0.45454545454545453,0
8292,26,9,2,2,COD,3.1,0.2222222222222222,0
3425,56,5,2,4,UPI,3.9,0.4,1
2660,59,14,1,1,COD,4.8,0.07142857142857142,0
8937,45,28,2,3,UPI,2.1,0.07142857142857142,1
2928,40,30,10,9,UPI,4.8,0.3333333333333333,1
6926,62,3,1,7,CARD,3.8,0.3333333333333333,0
7681,57,21,1,7,UPI,4.4,0.047619047619047616,1
6630,61,5,0,1,COD,3.2,0.0,0
3314,39,5,1,7,CARD,3.4,0.2,1
816,41,19,9,10,UPI,4.6,0.47368421052631576,1
3844,43,27,5,7,COD,3.2,0.18518518518518517,1
6613,47,14,1,4,UPI,3.6,0.07142857142857142,0
1403,50,26,1,7,COD,2.1,0.038461538461538464,0
2765,33,30,9,8,CARD,2.5,0.3,1
3374,39,4,4,3,UPI,3.9,1.0,1
3281,60,25,7,10,UPI,4.2,0.28,0
2830,35,13,1,2,COD,3.7,0.07692307692307693,0
3361,24,10,6,7,COD,2.4,0.6,1
4521,43,25,2,5,CARD,3.3,0.08,0
9061,25,18,7,5,CARD,3.1,0.3888888888888889,1
6469,23,8,6,5,COD,3.5,0.75,1
7299,47,8,7,7,COD,4.6,0.875,1
7576,56,7,5,9,COD,4.3,0.7142857142857143,1
4278,40,8,6,8,UPI,2.3,0.75,1
6001,49,14,10,6,UPI,4.7,0.7142857142857143,1
4351,39,19,5,7,UPI,3.4,0.2631578947368421,1
9111,59,29,6,9,UPI,4.2,0.20689655172413793,1
2800,60,6,4,6,CARD,2.4,0.6666666666666666,1
6375,62,1,0,1,COD,4.0,0.0,0
866,26,23,0,4,COD,2.7,0.0,0
483,48,15,0,8,UPI,3.3,0.0,0
6040,24,1,0,7,CARD,2.1,0.0,0
3765,26,25,4,3,UPI,2.5,0.16,1
4793,30,17,4,10,UPI,2.3,0.23529411764705882,0
1665,20,1,0,3,UPI,2.7,0.0,1
8521,52,15,4,3,CARD,2.3,0.26666666666666666,1
4934,50,23,2,1,COD,4.1,0.08695652173913043,1
6457,38,2,0,10,COD,2.1,0.0,1
7566,48,14,8,1,CARD,3.9,0.5714285714285714,1
3872,51,21,5,6,CARD,2.4,0.23809523809523808,1
7582,49,8,0,1,COD,4.8,0.0,1
6787,52,8,6,5,UPI,4.8,0.75,1
1192,32,19,6,4,COD,2.7,0.3157894736842105,0
7058,49,7,7,5,COD,3.8,1.0,1
2321,23,19,9,7,CARD,2.1,0.47368421052631576,1
2423,62,6,1,6,COD,4.8,0.16666666666666666,1
4722,38,6,3,9,CARD,3.6,0.5,0
3388,50,3,3,6,COD,2.1,1.0,1
3437,49,7,5,9,UPI,3.0,0.7142857142857143,1
4336,36,19,3,4,COD,2.2,0.15789473684210525,1
543,50,8,3,1,UPI,3.2,0.375,1
4904,45,10,1,1,UPI,4.0,0.1,0
5023,48,20,1,10,UPI,3.4,0.05,0
5120,38,15,3,7,COD,3.2,0.2,1
3401,51,15,4,3,COD,2.4,0.26666666666666666,0
5671,32,29,7,2,COD,2.7,0.2413793103448276,0
1088,31,1,0,6,COD,2.3,0.0,1
9733,36,20,5,6,UPI,4.4,0.25,1
7327,60,30,3,7,UPI,2.4,0.1,1
3920,32,7,4,5,UPI,3.8,0.5714285714285714,1
3083,23,27,10,8,UPI,3.0,0.37037037037037035,1
4412,26,4,1,7,COD,2.7,0.25,0
7161,54,29,6,2,COD,3.9,0.20689655172413793,1
2615,37,6,6,1,COD,3.4,1.0,1
9509,51,25,1,9,CARD,3.2,0.04,1
3201,55,1,1,5,UPI,3.8,1.0,1
1938,43,29,7,5,COD,3.5,0.2413793103448276,1
1564,35,5,1,10,COD,2.9,0.2,1
2908,45,27,10,4,CARD,3.7,0.37037037037037035,0
1124,26,23,8,2,UPI,4.0,0.34782608695652173,0
351,49,1,1,5,UPI,2.1,1.0,1
8977,23,30,0,2,COD,3.4,0.0,0
8244,31,4,0,7,COD,2.2,0.0,1
1112,45,22,0,9,CARD,2.6,0.0,0
2521,41,2,1,9,UPI,3.7,0.5,1
695,30,10,9,6,COD,4.6,0.9,1
2348,60,5,1,1,CARD,4.6,0.2,0
756,29,27,5,6,UPI,2.2,0.18518518518518517,1
1752,36,10,5,5,COD,3.3,0.5,1
2320,38,1,0,4,COD,3.7,0.0,0
3285,44,22,6,6,COD,2.4,0.2727272727272727,1
3704,36,6,1,6,COD,4.3,0.16666666666666666,1
356,41,13,7,6,UPI,4.2,0.5384615384615384,1
9126,43,15,8,2,COD,4.7,0.5333333333333333,1
7705,62,4,4,7,CARD,2.0,1.0,1
7362,45,13,8,4,CARD,2.7,0.6153846153846154,1
5723,63,24,10,9,COD,4.5,0.4166666666666667,1
7743,35,20,8,10,UPI,4.0,0.4,1
8255,61,24,0,2,CARD,4.7,0.0,1
4854,53,15,10,5,UPI,2.2,0.6666666666666666,1
6450,59,29,2,4,UPI,3.8,0.06896551724137931,1
7446,46,8,8,9,COD,3.7,1.0,1
354,34,5,2,4,UPI,2.1,0.4,0
8150,21,29,1,8,UPI,3.5,0.034482758620689655,1
1196,61,15,3,8,CARD,3.8,0.2,1
4826,62,4,3,6,COD,2.6,0.75,1
3105,46,12,1,6,CARD,2.8,0.08333333333333333,0
9569,21,13,2,8,COD,3.9,0.15384615384615385,1
353,27,2,0,10,CARD,3.4,0.0,1
8053,42,27,2,9,UPI,4.6,0.07407407407407407,1
6681,48,19,0,5,UPI,3.0,0.0,0
5799,20,19,5,1,UPI,2.8,0.2631578947368421,1
1916,64,4,3,1,COD,5.0,0.75,1
986,19,4,2,2,COD,4.7,0.5,1
4568,42,26,4,10,COD,2.1,0.15384615384615385,1
8296,23,11,0,10,COD,4.3,0.0,1
4472,43,27,9,5,COD,2.3,0.3333333333333333,1
3967,25,5,1,4,UPI,2.1,0.2,0
9034,52,20,0,1,UPI,2.8,0.0,1
6194,44,11,10,4,COD,2.8,0.9090909090909091,1
7416,42,30,8,4,CARD,4.5,0.26666666666666666,0
9057,35,10,7,10,UPI,4.1,0.7,1
3626,18,8,6,4,CARD,4.9,0.75,1
3983,56,6,1,1,UPI,4.1,0.16666666666666666,0
5627,20,6,6,9,COD,3.3,1.0,1
7211,21,8,6,3,UPI,4.1,0.75,1
8252,58,23,4,4,UPI,5.0,0.17391304347826086,0
3901,54,15,4,5,COD,4.1,0.26666666666666666,0
9461,32,26,10,7,COD,4.3,0.38461538461538464,1
2549,25,14,4,6,COD,4.8,0.2857142857142857,1
7211,55,11,0,5,COD,2.3,0.0,0
7255,36,12,7,8,COD,4.1,0.5833333333333334,1
1412,64,26,10,1,UPI,4.6,0.38461538461538464,1
7165,43,13,0,7,COD,4.9,0.0,1
9544,56,8,3,6,UPI,2.6,0.375,1
6904,27,30,8,5,UPI,3.5,0.26666666666666666,1
7633,55,18,8,7,COD,4.0,0.4444444444444444,1
2711,31,25,4,3,COD,2.7,0.16,0
343,58,1,1,1,COD,3.8,1.0,1
7567,36,15,2,9,COD,2.8,0.13333333333333333,1
3428,47,8,2,2,COD,3.0,0.25,1
4782,22,28,4,10,COD,3.3,0.14285714285714285,1
6231,48,11,9,3,UPI,3.6,0.8181818181818182,1
4443,24,12,0,8,UPI,3.3,0.0,1
9749,36,12,4,10,COD,3.5,0.3333333333333333,1
2913,48,4,3,9,COD,2.9,0.75,1
4385,56,16,8,3,UPI,2.5,0.5,1
9749,41,4,2,6,CARD,2.1,0.5,0
7528,51,5,1,7,UPI,2.6,0.2,1
4833,40,24,2,1,UPI,3.7,0.08333333333333333,0
3392,62,5,3,7,COD,4.4,0.6,1
500,57,8,8,4,COD,2.5,1.0,1
923,23,10,6,5,CARD,2.3,0.6,0
5894,55,17,8,8,COD,4.2,0.47058823529411764,1
3210,58,28,1,4,CARD,2.9,0.03571428571428571,0
5755,53,26,4,4,UPI,4.9,0.15384615384615385,1
267,44,9,3,8,UPI,4.1,0.3333333333333333,0
2706,28,22,1,5,COD,3.0,0.045454545454545456,0
1737,22,19,8,6,UPI,2.9,0.42105263157894735,1
597,34,29,8,5,UPI,3.6,0.27586206896551724,0
5880,24,14,5,1,COD,2.2,0.35714285714285715,1
9555,44,8,5,7,COD,2.4,0.625,1
5025,64,9,7,6,CARD,2.5,0.7777777777777778,1
8947,32,22,5,2,UPI,4.3,0.22727272727272727,0
6248,63,11,0,7,COD,3.5,0.0,1
3861,30,23,3,6,COD,2.0,0.13043478260869565,1
3141,28,1,0,5,UPI,4.0,0.0,0
7267,62,14,6,8,UPI,3.3,0.42857142857142855,1
5291,43,5,4,5,UPI,3.5,0.8,1
1801,39,21,1,2,UPI,2.6,0.047619047619047616,0
1680,45,26,8,6,COD,3.7,0.3076923076923077,0
6430,41,14,7,1,UPI,4.9,0.5,1
9494,46,4,3,5,COD,2.2,0.75,1
3476,26,22,1,6,CARD,2.9,0.045454545454545456,0
6647,59,23,2,7,UPI,2.7,0.08695652173913043,1
5699,21,25,5,2,COD,2.7,0.2,1
6473,63,1,1,1,COD,3.1,1.0,1
1499,35,22,4,6,CARD,4.5,0.18181818181818182,1
6018,60,23,7,3,COD,4.7,0.30434782608695654,0
6901,33,19,5,5,COD,2.6,0.2631578947368421,1
5194,50,8,5,2,UPI,3.6,0.625,1
7689,46,15,0,1,COD,3.9,0.0,1
9927,56,21,3,1,UPI,3.6,0.14285714285714285,0
8469,27,15,4,4,COD,3.3,0.26666666666666666,0
3031,26,9,2,10,UPI,2.6,0.2222222222222222,0
2921,48,21,8,2,COD,3.5,0.38095238095238093,1
1732,45,9,0,1,COD,3.2,0.0,0
8629,20,10,5,6,CARD,4.4,0.5,1
5453,31,20,5,4,UPI,4.3,0.25,1
2196,42,25,9,10,COD,2.4,0.36,1
5511,32,21,4,7,COD,2.3,0.19047619047619047,1
477,19,26,4,6,UPI,4.7,0.15384615384615385,0
3289,41,9,9,5,UPI,3.6,1.0,1
723,31,3,1,10,CARD,4.6,0.3333333333333333,1
4475,24,20,4,2,CARD,2.2,0.2,1
5565,53,25,5,5,UPI,3.6,0.2,1
3322,41,26,7,9,COD,3.6,0.2692307692307692,1
8367,44,11,1,9,UPI,4.6,0.09090909090909091,0
5390,54,6,5,2,UPI,2.3,0.8333333333333334,1
4775,55,2,0,7,COD,2.7,0.0,1
7927,47,7,3,10,COD,3.2,0.42857142857142855,1
1997,44,18,9,4,COD,4.6,0.5,1
2331,56,27,2,3,COD,4.8,0.07407407407407407,1
7522,32,2,0,1,COD,5.0,0.0,1
6700,43,27,2,3,UPI,4.9,0.07407407407407407,1
1015,18,17,5,9,UPI,2.0,0.29411764705882354,1
8834,21,11,0,9,UPI,2.1,0.0,1
6866,46,27,5,7,COD,2.4,0.18518518518518517,1
342,18,12,3,3,COD,3.0,0.25,1
1610,60,27,7,3,UPI,4.5,0.25925925925925924,1
734,63,19,10,4,COD,4.7,0.5263157894736842,1
3564,39,22,8,7,UPI,2.6,0.36363636363636365,1
1232,28,24,3,7,CARD,3.9,0.125,0
3542,27,25,9,2,COD,4.8,0.36,0
9802,34,7,3,5,COD,3.4,0.42857142857142855,1
6285,53,20,9,7,UPI,2.3,0.45,1
4700,64,6,5,7,CARD,3.4,0.8333333333333334,1
1372,43,21,0,6,UPI,3.1,0.0,0
9280,38,24,3,10,CARD,3.7,0.125,1
4717,30,1,0,10,COD,3.3,0.0,1
8207,26,17,0,8,CARD,2.1,0.0,1
1841,28,29,7,3,COD,5.0,0.2413793103448276,0
671,28,11,9,1,COD,3.6,0.8181818181818182,1
3140,23,22,10,3,CARD,3.4,0.45454545454545453,1
8938,18,26,5,2,CARD,4.9,0.19230769230769232,0
4926,23,28,4,2,COD,2.5,0.14285714285714285,1
7870,30,18,9,2,COD,2.6,0.5,1
3923,39,21,10,5,COD,4.4,0.47619047619047616,1
563,48,17,8,1,COD,2.8,0.47058823529411764,1
3509,39,7,1,10,COD,4.4,0.14285714285714285,1
745,54,17,4,4,CARD,2.8,0.23529411764705882,1
3440,64,20,5,10,UPI,2.1,0.25,1
6865,44,9,6,5,UPI,3.6,0.6666666666666666,1
2136,31,17,4,2,UPI,2.6,0.23529411764705882,1
9354,64,20,8,5,UPI,4.3,0.4,1
1082,22,22,0,10,UPI,3.9,0.0,1
4040,53,22,6,4,UPI,4.8,0.2727272727272727,0
7123,49,28,9,8,COD,4.3,0.32142857142857145,1
9262,51,29,6,1,UPI,2.5,0.20689655172413793,1
4811,24,8,3,5,UPI,4.4,0.375,0
9257,59,17,8,10,CARD,3.9,0.47058823529411764,1
5404,27,7,5,1,CARD,4.0,0.7142857142857143,1
7488,34,1,1,10,COD,4.5,1.0,1
3403,47,13,10,10,UPI,3.7,0.7692307692307693,1
2444,38,30,4,4,COD,3.4,0.13333333333333333,1
218,30,23,3,8,UPI,3.9,0.13043478260869565,0
841,18,19,6,1,COD,2.9,0.3157894736842105,0
3283,18,27,3,2,COD,2.5,0.1111111111111111,0
5400,64,24,2,1,COD,3.8,0.08333333333333333,0
8721,50,19,8,7,UPI,2.7,0.42105263157894735,1
1065,55,30,10,2,COD,2.2,0.3333333333333333,1
973,42,30,7,1,CARD,2.0,0.23333333333333334,0
4932,43,29,0,6,COD,3.8,0.0,0
3718,30,17,6,6,CARD,3.1,0.35294117647058826,1
6995,45,13,8,10,UPI,4.3,0.6153846153846154,1
7184,50,29,7,2,COD,3.1,0.2413793103448276,0
2767,54,30,7,1,COD,3.5,0.23333333333333334,0
1874,58,16,5,10,UPI,3.2,0.3125,1
939,47,8,3,3,UPI,4.0,0.375,0
1745,25,19,7,10,UPI,3.1,0.3684210526315789,1
9527,64,18,2,5,COD,4.9,0.1111111111111111,0
5327,18,1,0,6,UPI,4.8,0.0,1
7147,29,14,8,3,CARD,4.5,0.5714285714285714,1
6820,22,19,1,9,COD,4.8,0.05263157894736842,1
9265,41,15,1,5,COD,3.3,0.06666666666666667,1
4755,23,18,6,2,COD,3.6,0.3333333333333333,0
5845,42,2,1,10,UPI,4.2,0.5,1
9143,18,22,3,6,UPI,4.1,0.13636363636363635,1
7324,42,28,9,8,COD,4.7,0.32142857142857145,0
9245,18,17,7,6,COD,4.1,0.4117647058823529,1
3932,49,18,8,4,COD,5.0,0.4444444444444444,1
2483,59,30,6,6,COD,3.0,0.2,0
9721,59,6,4,8,COD,4.5,0.6666666666666666,1
8869,20,19,7,8,CARD,4.1,0.3684210526315789,1
7198,36,4,3,10,UPI,4.1,0.75,1
5613,60,1,1,2,COD,3.0,1.0,1
1469,46,8,5,8,CARD,4.4,0.625,1
8068,19,29,8,6,UPI,4.7,0.27586206896551724,1
2803,26,23,0,2,UPI,2.7,0.0,1
6161,34,7,2,1,COD,3.9,0.2857142857142857,1
9861,63,3,1,6,COD,3.2,0.3333333333333333,1
8769,53,10,6,7,CARD,5.0,0.6,1
7757,34,10,9,10,UPI,3.4,0.9,1
1880,29,19,8,5,COD,2.7,0.42105263157894735,1
8633,37,14,9,10,UPI,3.1,0.6428571428571429,1
9311,20,2,0,8,CARD,4.0,0.0,0
5882,60,28,9,9,COD,2.2,0.32142857142857145,1
8284,21,1,0,4,UPI,3.8,0.0,0
5567,34,23,2,7,CARD,4.8,0.08695652173913043,1
269,54,23,10,8,COD,4.6,0.43478260869565216,1
4124,63,28,4,6,UPI,2.2,0.14285714285714285,1
6400,59,18,7,2,UPI,5.0,0.3888888888888889,1
2207,32,7,7,7,UPI,4.1,1.0,1
9192,50,29,3,9,COD,2.5,0.10344827586206896,1
8319,33,8,0,5,COD,2.0,0.0,1
2979,28,1,0,2,UPI,2.5,0.0,1
5120,37,25,3,4,COD,4.5,0.12,0
955,55,23,5,3,COD,2.1,0.21739130434782608,1
6695,41,3,3,4,COD,2.7,1.0,0
6135,33,24,5,10,COD,4.3,0.20833333333333334,1
9713,47,23,8,7,CARD,3.8,0.34782608695652173,1
2530,51,27,8,10,COD,4.3,0.2962962962962963,1
5905,18,29,1,8,CARD,4.2,0.034482758620689655,1
8501,41,8,0,1,COD,2.2,0.0,1
1216,41,22,1,8,UPI,4.7,0.045454545454545456,0
7547,26,25,4,5,COD,2.7,0.16,1
8416,39,15,3,7,UPI,3.7,0.2,1
5138,29,5,3,1,UPI,3.9,0.6,1
3038,34,3,0,2,COD,2.5,0.0,0
937,42,19,10,1,CARD,4.9,0.5263157894736842,1
6400,45,1,1,5,COD,3.5,1.0,1
8571,32,28,5,6,UPI,2.2,0.17857142857142858,0
431,47,15,0,10,CARD,4.8,0.0,0
2117,44,8,1,9,CARD,3.8,0.125,0
8734,39,2,1,8,CARD,4.1,0.5,1
6118,27,3,2,7,COD,3.6,0.6666666666666666,1
2823,48,24,1,5,COD,4.5,0.041666666666666664,1
8846,44,14,9,3,COD,2.1,0.6428571428571429,1
6601,29,24,4,9,UPI,2.8,0.16666666666666666,1
7272,63,14,4,5,UPI,3.4,0.2857142857142857,1
2476,48,11,5,3,COD,2.2,0.45454545454545453,1
7593,49,16,5,3,UPI,4.1,0.3125,0
8987,49,4,1,3,COD,3.2,0.25,1
4074,58,20,9,6,COD,2.8,0.45,1
4730,62,5,5,1,UPI,2.0,1.0,1
7364,52,22,2,4,UPI,4.2,0.09090909090909091,0
4697,63,21,5,8,CARD,4.5,0.23809523809523808,0
8133,38,14,7,3,COD,3.2,0.5,1
2335,27,23,10,5,UPI,3.7,0.43478260869565216,0
6927,33,16,0,2,COD,2.7,0.0,1
1765,24,18,0,2,COD,3.9,0.0,0
508,21,7,7,7,UPI,2.0,1.0,1
8734,44,10,10,10,CARD,3.5,1.0,1
8827,42,7,4,3,COD,3.9,0.5714285714285714,1
8568,48,1,1,5,COD,4.8,1.0,1
338,28,23,10,3,UPI,3.1,0.43478260869565216,1
393,37,21,5,6,COD,4.3,0.23809523809523808,1
3457,53,19,8,10,CARD,3.8,0.42105263157894735,1
3435,34,16,3,3,UPI,4.8,0.1875,0
1142,62,29,2,8,COD,3.2,0.06896551724137931,1
4820,28,19,7,2,UPI,3.0,0.3684210526315789,1
5920,47,4,2,3,UPI,4.7,0.5,1
6553,52,29,9,8,COD,2.1,0.3103448275862069,1
5157,58,28,8,8,UPI,2.4,0.2857142857142857,1
9345,55,18,10,1,COD,2.2,0.5555555555555556,1
9694,39,2,0,8,UPI,4.5,0.0,0
3581,60,1,0,10,COD,2.0,0.0,1
6039,44,15,1,2,CARD,4.6,0.06666666666666667,1
3080,54,5,2,7,COD,3.4,0.4,1
5087,63,20,6,6,COD,2.0,0.3,1
745,52,11,6,2,CARD,3.2,0.5454545454545454,0
2127,21,10,5,5,COD,2.6,0.5,1
4352,33,2,1,7,COD,3.9,0.5,1
204,33,3,1,8,COD,4.0,0.3333333333333333,1
5733,38,23,9,3,COD,3.5,0.391304347826087,0
9754,43,23,5,1,CARD,2.1,0.21739130434782608,1
5578,53,12,3,7,UPI,4.0,0.25,0
6433,36,20,2,5,COD,4.5,0.1,0
2863,34,5,4,5,UPI,4.2,0.8,1
9665,62,5,2,7,UPI,4.5,0.4,1
3526,43,6,4,1,CARD,2.6,0.6666666666666666,1
3859,39,30,1,8,COD,4.7,0.03333333333333333,1
1331,45,9,0,10,UPI,3.0,0.0,0
4963,18,2,2,5,UPI,2.0,1.0,0
6937,61,21,10,8,UPI,4.5,0.47619047619047616,1
5292,53,12,4,10,UPI,4.8,0.3333333333333333,1
6222,60,3,3,10,COD,4.0,1.0,1
3359,54,20,1,5,UPI,2.7,0.05,0
6359,19,26,1,7,UPI,2.8,0.038461538461538464,1
7518,34,22,6,10,CARD,3.4,0.2727272727272727,1
8645,57,12,7,3,COD,4.7,0.5833333333333334,1
5507,55,24,9,2,UPI,2.4,0.375,1
8720,38,17,7,6,CARD,4.5,0.4117647058823529,0
3244,26,10,3,5,UPI,2.9,0.3,1
9812,30,30,0,9,CARD,4.4,0.0,0
5836,28,24,10,10,CARD,4.8,0.4166666666666667,1
3092,33,27,6,4,COD,3.3,0.2222222222222222,1
5488,33,14,0,3,UPI,3.1,0.0,0
6012,19,23,10,9,COD,4.4,0.43478260869565216,1
854,59,17,3,8,UPI,3.6,0.17647058823529413,1
5681,61,18,7,6,COD,4.1,0.3888888888888889,1
959,25,19,1,1,UPI,3.9,0.05263157894736842,0
6982,60,17,5,10,UPI,2.5,0.29411764705882354,1
1998,59,14,5,1,COD,4.5,0.35714285714285715,0
5359,30,9,8,6,COD,2.6,0.8888888888888888,1
8646,34,8,4,3,CARD,4.8,0.5,1
5462,56,2,1,3,COD,2.8,0.5,1
4023,41,13,3,6,COD,4.2,0.23076923076923078,0
2076,20,25,4,3,COD,2.9,0.16,0
6354,47,7,3,10,CARD,3.0,0.42857142857142855,1
7987,30,9,9,6,CARD,2.9,1.0,1
4716,36,22,10,5,UPI,4.2,0.45454545454545453,1
3934,24,22,4,4,CARD,3.7,0.18181818181818182,1
9636,26,11,7,8,COD,4.6,0.6363636363636364,1
6172,36,14,9,2,CARD,2.9,0.6428571428571429,0
6839,62,4,3,7,COD,4.1,0.75,1
5556,57,26,7,4,COD,4.3,0.2692307692307692,0
6580,39,26,1,2,COD,2.5,0.038461538461538464,1
1208,35,29,6,7,UPI,3.2,0.20689655172413793,0
4514,40,13,7,1,UPI,3.4,0.5384615384615384,0
9902,19,2,2,4,COD,3.1,1.0,0
2708,28,23,5,9,CARD,3.0,0.21739130434782608,1
4958,48,5,4,4,COD,4.1,0.8,1
2882,50,11,10,3,COD,2.6,0.9090909090909091,1
7511,31,6,0,10,UPI,4.1,0.0,1
1189,33,18,2,10,UPI,4.8,0.1111111111111111,0
8646,28,21,9,2,CARD,3.7,0.42857142857142855,1
4911,50,10,3,3,UPI,3.8,0.3,1
6679,24,4,0,1,UPI,2.2,0.0,0
7164,48,9,5,10,COD,4.6,0.5555555555555556,1
8275,63,6,6,8,UPI,2.9,1.0,1
4652,64,2,2,1,CARD,3.8,1.0,0
8647,31,17,1,3,COD,4.9,0.058823529411764705,1
1207,45,5,2,3,CARD,3.8,0.4,0
6696,60,25,0,2,UPI,4.2,0.0,0
7888,33,6,0,5,COD,3.3,0.0,1
4108,36,26,6,10,CARD,2.2,0.23076923076923078,1
3003,34,12,0,3,UPI,4.4,0.0,0
4579,43,23,2,3,COD,2.1,0.08695652173913043,0
298,23,21,3,8,COD,4.1,0.14285714285714285,1
8588,60,10,3,4,COD,2.1,0.3,1
1077,26,22,4,4,CARD,4.6,0.18181818181818182,0
2068,34,21,2,3,UPI,2.5,0.09523809523809523,0
2865,48,27,2,1,CARD,3.5,0.07407407407407407,1
1588,29,25,0,8,COD,3.8,0.0,0
2615,40,6,6,1,COD,3.4,1.0,1
8961,22,27,10,7,COD,3.0,0.37037037037037035,1
2837,60,8,0,5,UPI,3.4,0.0,0
7442,53,2,1,4,CARD,2.9,0.5,1
9457,53,12,3,4,UPI,3.3,0.25,1
8813,20,13,3,8,COD,3.1,0.23076923076923078,1
3083,41,25,4,6,CARD,3.7,0.16,0
1404,34,21,10,1,UPI,2.7,0.47619047619047616,1
744,56,7,1,10,COD,5.0,0.14285714285714285,1
1423,43,10,3,8,CARD,3.5,0.3,1
3372,21,13,0,2,COD,2.6,0.0,1
9159,62,17,1,6,COD,3.4,0.058823529411764705,1
6650,29,26,0,9,COD,4.6,0.0,1
6720,18,21,9,1,UPI,2.1,0.42857142857142855,1
854,38,28,9,6,COD,4.0,0.32142857142857145,1
7021,36,30,3,8,COD,3.6,0.1,1
2646,38,26,3,10,COD,2.5,0.11538461538461539,1
6092,35,14,6,2,UPI,4.5,0.42857142857142855,0
8612,60,2,1,5,CARD,3.1,0.5,1
3866,20,28,10,6,UPI,2.9,0.35714285714285715,1
4477,61,22,10,5,COD,4.5,0.45454545454545453,1
4602,49,11,8,3,COD,3.9,0.7272727272727273,1
2769,27,1,0,4,COD,4.7,0.0,0
5715,57,19,4,7,COD,3.9,0.21052631578947367,1
9405,32,21,9,4,UPI,4.2,0.42857142857142855,1
4185,22,4,0,9,UPI,4.5,0.0,0
8367,21,19,0,10,UPI,2.2,0.0,1
7648,45,26,5,2,UPI,4.3,0.19230769230769232,1
4510,21,29,1,5,COD,3.8,0.034482758620689655,0
3219,32,21,7,8,COD,2.2,0.3333333333333333,1
3881,34,11,8,5,UPI,3.5,0.7272727272727273,0
9835,61,8,3,10,COD,2.2,0.375,1
4396,20,11,4,8,COD,4.2,0.36363636363636365,1
772,27,4,2,8,COD,3.6,0.5,1
9724,64,17,7,9,COD,4.9,0.4117647058823529,1
4953,59,27,2,10,COD,2.5,0.07407407407407407,1
7282,40,7,4,6,CARD,3.8,0.5714285714285714,1
4202,35,8,2,4,CARD,2.6,0.25,0
5829,18,3,3,3,COD,3.8,1.0,1
8617,52,22,9,5,COD,4.2,0.4090909090909091,1
4400,48,2,2,6,UPI,4.2,1.0,1
2197,61,23,2,3,COD,4.4,0.08695652173913043,0
9163,18,15,6,2,COD,4.6,0.4,1
7622,20,24,6,7,COD,2.2,0.25,1
4724,20,22,6,5,COD,3.0,0.2727272727272727,0
8825,54,22,9,9,UPI,4.1,0.4090909090909091,1
3607,36,5,4,3,CARD,3.5,0.8,0
6931,46,24,4,8,COD,2.6,0.16666666666666666,1
7995,42,1,1,6,COD,3.7,1.0,1
9257,50,26,3,4,COD,3.2,0.11538461538461539,0
2993,53,4,1,9,COD,3.2,0.25,1
7534,46,15,3,5,CARD,4.4,0.2,1
3111,43,20,1,10,UPI,3.2,0.05,1
8152,21,19,3,6,UPI,2.1,0.15789473684210525,1
2615,31,3,0,9,UPI,2.2,0.0,1
450,44,20,7,7,CARD,4.6,0.35,1
5151,50,11,8,5,CARD,4.9,0.7272727272727273,1
8298,39,17,2,2,COD,4.1,0.11764705882352941,0
5489,20,30,6,4,COD,3.1,0.2,0
8302,40,27,8,2,UPI,4.8,0.2962962962962963,1
7457,38,13,10,3,COD,4.0,0.7692307692307693,1
5765,58,11,3,10,CARD,4.5,0.2727272727272727,0
6637,40,2,1,3,UPI,4.3,0.5,1
9310,21,9,2,4,CARD,3.1,0.2222222222222222,1
1373,38,26,4,6,COD,3.4,0.15384615384615385,1
8824,54,2,0,3,CARD,2.6,0.0,0
1035,60,21,2,10,COD,2.9,0.09523809523809523,1
2462,48,9,7,1,CARD,4.3,0.7777777777777778,1
9289,38,9,7,1,COD,4.7,0.7777777777777778,1
4767,43,8,3,9,UPI,4.2,0.375,0
4015,58,17,1,9,UPI,3.4,0.058823529411764705,1
446,52,1,0,5,COD,2.3,0.0,0
2629,55,25,7,9,UPI,2.2,0.28,1
9382,41,29,7,7,CARD,3.1,0.2413793103448276,1
9318,28,11,9,9,COD,3.4,0.8181818181818182,1
5487,58,8,3,7,UPI,3.8,0.375,1
2807,46,10,2,9,COD,2.0,0.2,1
9466,64,25,1,2,CARD,5.0,0.04,0
6130,20,7,0,8,UPI,3.1,0.0,0
4222,18,3,0,7,COD,4.5,0.0,1
4984,36,3,2,6,COD,3.6,0.6666666666666666,1
6817,63,18,4,5,UPI,2.4,0.2222222222222222,0
3351,39,5,3,4,COD,4.4,0.6,1
5780,31,12,6,7,COD,4.1,0.5,1
7254,31,12,4,3,UPI,3.6,0.3333333333333333,1
7906,61,19,4,8,COD,3.5,0.21052631578947367,1
7819,33,30,8,2,COD,2.3,0.26666666666666666,1
4773,50,6,0,1,UPI,4.0,0.0,0
3691,30,2,0,2,COD,4.7,0.0,0
906,55,12,8,9,COD,2.3,0.6666666666666666,1
7197,29,19,5,5,COD,2.8,0.2631578947368421,1
5433,55,5,5,8,UPI,4.7,1.0,1
9145,56,12,4,3,UPI,2.9,0.3333333333333333,1
5955,50,27,8,7,UPI,4.0,0.2962962962962963,0
7160,50,27,9,2,COD,3.6,0.3333333333333333,1
8979,46,17,7,8,COD,3.8,0.4117647058823529,1
1534,22,29,6,7,COD,3.2,0.20689655172413793,0
5788,23,17,6,5,COD,2.9,0.35294117647058826,0
2047,48,10,5,4,CARD,2.1,0.5,1
7051,33,25,4,1,COD,4.2,0.16,1
7411,48,23,3,5,COD,4.2,0.13043478260869565,1
8065,42,17,2,9,COD,4.0,0.11764705882352941,1
3517,63,15,2,10,UPI,3.9,0.13333333333333333,1
7011,50,12,5,4,UPI,2.7,0.4166666666666667,1
364,30,30,3,9,UPI,2.1,0.1,0
7260,27,16,5,2,CARD,4.4,0.3125,0
3257,41,24,2,4,UPI,3.5,0.08333333333333333,1
4628,27,19,3,9,COD,2.9,0.15789473684210525,0
602,58,8,8,4,COD,2.3,1.0,1
8805,48,21,4,5,UPI,2.2,0.19047619047619047,1
8436,30,17,6,8,UPI,3.0,0.35294117647058826,1
6549,20,23,9,1,UPI,4.4,0.391304347826087,0
4357,51,5,1,1,UPI,4.8,0.2,0
1067,45,22,4,9,UPI,4.7,0.18181818181818182,0
8410,36,16,8,9,CARD,4.8,0.5,1
564,40,6,2,4,UPI,4.7,0.3333333333333333,1
7667,62,8,2,2,UPI,3.6,0.25,1
6771,49,25,8,9,COD,2.7,0.32,1
779,30,18,10,4,UPI,4.4,0.5555555555555556,1
7874,50,25,5,6,CARD,2.6,0.2,1
8937,51,12,3,1,COD,2.8,0.25,1
6668,50,15,6,9,UPI,2.7,0.4,1
4350,22,27,7,5,UPI,3.5,0.25925925925925924,0
3239,20,26,5,3,COD,3.0,0.19230769230769232,0
4337,24,9,4,4,UPI,2.5,0.4444444444444444,1
652,41,13,5,1,COD,3.4,0.38461538461538464,1
6737,39,26,4,9,CARD,4.6,0.15384615384615385,1
1581,62,15,7,8,CARD,3.7,0.4666666666666667,1
8354,40,10,0,4,COD,4.6,0.0,0
1667,47,16,10,2,COD,2.6,0.625,1
2938,35,7,6,9,UPI,2.5,0.8571428571428571,1
7772,49,17,9,4,COD,3.7,0.5294117647058824,1
9608,24,23,9,9,COD,3.4,0.391304347826087,1
6947,50,26,10,10,UPI,4.0,0.38461538461538464,1
1080,22,21,1,3,COD,4.4,0.047619047619047616,0
3349,45,22,8,7,COD,4.3,0.36363636363636365,1
8476,25,26,0,7,CARD,4.8,0.0,0
8092,32,7,2,10,CARD,3.2,0.2857142857142857,1
4344,21,14,9,4,UPI,2.6,0.6428571428571429,1
1368,51,15,5,2,CARD,3.7,0.3333333333333333,1
3329,22,21,8,9,COD,2.3,0.38095238095238093,1
3845,50,7,0,4,COD,2.9,0.0,0
2726,22,9,3,8,COD,2.6,0.3333333333333333,1
3716,55,19,3,2,UPI,3.2,0.15789473684210525,0
3567,51,16,8,8,CARD,2.3,0.5,1
7538,43,8,4,10,UPI,2.1,0.5,1
3755,18,18,4,5,CARD,4.0,0.2222222222222222,0
5311,21,27,5,7,UPI,3.8,0.18518518518518517,1
6952,56,23,0,7,COD,4.1,0.0,1
645,43,29,0,9,COD,4.0,0.0,1
6564,50,18,8,3,COD,2.3,0.4444444444444444,1
3826,50,30,2,10,COD,2.9,0.06666666666666667,0
4216,25,20,3,4,UPI,2.4,0.15,1
4075,37,7,0,10,COD,4.5,0.0,1
5697,33,3,0,4,UPI,4.2,0.0,0
6438,38,18,7,10,UPI,2.6,0.3888888888888889,1
461,62,27,1,5,COD,3.0,0.037037037037037035,0
5192,43,10,7,6,UPI,4.9,0.7,1
4225,40,7,6,3,UPI,3.8,0.8571428571428571,1
8483,35,17,6,4,COD,4.4,0.35294117647058826,1
4422,48,14,10,3,CARD,2.8,0.7142857142857143,1
4375,59,24,5,2,UPI,2.6,0.20833333333333334,0
9374,29,3,0,10,UPI,4.4,0.0,0
3643,18,12,6,9,CARD,4.1,0.5,1
5211,59,28,9,1,CARD,4.0,0.32142857142857145,1
893,26,13,6,2,CARD,3.7,0.46153846153846156,0
8547,20,2,0,8,COD,3.7,0.0,0
2012,43,3,1,7,COD,4.2,0.3333333333333333,1
5924,26,5,0,1,COD,2.8,0.0,1
1607,59,11,0,5,COD,3.1,0.0,0
8232,33,8,1,10,CARD,4.6,0.125,0
9608,41,26,10,6,UPI,2.9,0.38461538461538464,1
1610,31,23,8,5,COD,3.6,0.34782608695652173,1
3697,20,23,8,4,COD,4.1,0.34782608695652173,0
4572,51,12,5,1,COD,5.0,0.4166666666666667,1
7594,50,7,5,7,UPI,3.3,0.7142857142857143,1
751,41,15,3,9,UPI,3.3,0.2,0
9568,26,24,3,6,CARD,4.5,0.125,0
4532,30,17,4,3,CARD,4.4,0.23529411764705882,0
1197,19,4,2,10,COD,4.2,0.5,1
4276,24,29,0,4,COD,3.4,0.0,1
6299,38,22,0,10,COD,3.0,0.0,0
5755,36,25,6,5,COD,3.8,0.24,1
4252,42,13,0,1,CARD,4.6,0.0,0
5503,64,18,0,5,UPI,4.7,0.0,1
8318,39,1,0,1,UPI,2.3,0.0,1
6302,28,16,9,9,UPI,3.3,0.5625,0
5690,50,13,3,7,COD,3.4,0.23076923076923078,1
8764,49,10,3,3,COD,4.9,0.3,0
5816,38,12,1,9,UPI,4.0,0.08333333333333333,1
2448,56,30,0,2,UPI,3.2,0.0,0
1048,37,2,2,7,COD,2.1,1.0,1
6554,25,23,10,9,UPI,3.7,0.43478260869565216,1
8895,59,3,3,6,CARD,2.3,1.0,1
8270,54,10,2,10,COD,4.5,0.2,1
9094,26,2,1,5,UPI,4.3,0.5,0
3825,42,30,9,7,COD,3.4,0.3,0
514,42,27,0,6,UPI,3.3,0.0,1
2576,50,23,1,5,UPI,4.7,0.043478260869565216,0
9432,19,13,6,2,CARD,2.9,0.46153846153846156,1
4578,36,13,3,8,COD,2.7,0.23076923076923078,1
8649,63,18,7,7,COD,4.8,0.3888888888888889,1
774,37,3,2,6,COD,4.4,0.6666666666666666,1
9944,59,27,2,5,COD,4.5,0.07407407407407407,1
5785,58,7,5,5,UPI,2.6,0.7142857142857143,1
5692,59,14,8,9,CARD,2.4,0.5714285714285714,1
9149,46,20,0,1,COD,2.1,0.0,0
3010,23,29,0,9,COD,2.7,0.0,1
8334,34,30,7,6,COD,4.3,0.23333333333333334,0
9496,42,17,2,4,UPI,2.7,0.11764705882352941,0
5870,55,29,4,10,COD,4.2,0.13793103448275862,1
7915,21,30,0,7,COD,2.8,0.0,1
6767,47,21,4,9,UPI,3.2,0.19047619047619047,0
3659,37,12,10,5,COD,4.9,0.8333333333333334,1
6317,20,25,5,5,UPI,2.7,0.2,1
4192,40,16,7,8,UPI,3.1,0.4375,0
8037,35,24,2,7,COD,2.9,0.08333333333333333,1
403,43,12,2,8,UPI,2.3,0.16666666666666666,0
2975,53,15,10,10,UPI,3.5,0.6666666666666666,1
2192,25,25,10,2,UPI,3.1,0.4,1
2443,34,10,9,9,COD,4.1,0.9,1
8698,48,30,8,3,COD,4.5,0.26666666666666666,1
1887,54,25,3,6,CARD,3.6,0.12,0
4309,62,7,6,6,UPI,2.1,0.8571428571428571,0
2060,50,20,3,2,COD,3.9,0.15,1
5376,44,5,3,7,COD,2.2,0.6,0
922,62,1,0,9,COD,3.8,0.0,0
9171,21,30,1,10,COD,4.1,0.03333333333333333,0
8920,39,17,7,1,UPI,2.6,0.4117647058823529,1
5093,43,3,1,8,COD,4.5,0.3333333333333333,0
543,49,13,2,2,COD,4.7,0.15384615384615385,0
5598,41,14,8,1,UPI,4.4,0.5714285714285714,1
8600,63,24,4,8,COD,2.9,0.16666666666666666,0
4936,52,30,7,2,UPI,3.8,0.23333333333333334,1
3606,54,18,6,6,UPI,4.7,0.3333333333333333,0
9703,49,4,2,6,COD,3.0,0.5,1
1119,24,18,1,5,UPI,4.5,0.05555555555555555,0
6019,50,30,6,8,UPI,2.0,0.2,1
2244,48,5,2,3,COD,2.0,0.4,1
618,29,25,2,10,COD,4.3,0.08,1
1949,28,16,1,4,UPI,4.3,0.0625,0
7578,41,1,1,7,CARD,4.4,1.0,1
1299,25,21,7,7,UPI,4.8,0.3333333333333333,0
3592,49,14,0,8,COD,2.4,0.0,1
2972,55,15,0,2,UPI,2.7,0.0,0
6984,39,9,4,2,COD,4.7,0.4444444444444444,1
1745,51,15,10,4,UPI,2.5,0.6666666666666666,1
1270,36,17,4,10,UPI,4.0,0.23529411764705882,0
6722,37,25,10,9,UPI,3.6,0.4,1
2050,31,24,0,10,CARD,2.2,0.0,1
5253,50,4,0,9,UPI,2.9,0.0,1
3139,27,12,4,4,UPI,3.6,0.3333333333333333,0
7394,33,27,8,9,COD,4.6,0.2962962962962963,1
6051,21,26,4,3,CARD,4.1,0.15384615384615385,0
6873,44,5,5,5,CARD,3.9,1.0,1
878,45,29,7,10,COD,3.5,0.2413793103448276,1
1188,60,5,2,9,UPI,2.9,0.4,1
9999,33,11,0,6,COD,2.4,0.0,0
1702,50,28,1,3,UPI,3.2,0.03571428571428571,0
1989,36,6,0,10,UPI,2.1,0.0,0
5481,38,7,2,9,COD,2.6,0.2857142857142857,1
5227,39,24,5,6,CARD,3.3,0.20833333333333334,1
1625,26,14,4,4,COD,3.3,0.2857142857142857,1
6854,26,24,10,4,UPI,2.1,0.4166666666666667,1
2640,26,11,1,8,UPI,3.8,0.09090909090909091,1
7056,44,30,6,7,COD,3.6,0.2,1
7567,34,13,3,1,COD,2.2,0.23076923076923078,0
9670,61,2,0,6,COD,4.8,0.0,0
2794,62,25,3,8,UPI,2.3,0.12,0
4889,25,7,5,3,UPI,4.6,0.7142857142857143,0
2636,33,20,6,9,COD,2.0,0.3,1
5717,35,4,2,10,COD,4.6,0.5,1
9419,50,27,5,2,COD,2.1,0.18518518518518517,1
6510,18,8,7,6,UPI,4.3,0.875,1
3739,29,20,3,1,UPI,3.1,0.15,0
3683,23,29,7,2,COD,4.2,0.2413793103448276,0
7571,58,22,1,5,UPI,3.2,0.045454545454545456,1
2441,22,21,9,1,COD,2.2,0.42857142857142855,1
6578,33,19,8,8,CARD,4.3,0.42105263157894735,0
2965,35,13,8,1,CARD,2.2,0.6153846153846154,0
9565,35,14,7,9,UPI,4.8,0.5,1
5111,18,10,9,10,CARD,2.2,0.9,1
603,36,11,9,3,CARD,3.4,0.8181818181818182,1
3582,25,2,0,2,CARD,4.2,0.0,0
4363,20,25,1,1,UPI,3.2,0.04,0
7830,42,26,5,9,COD,2.7,0.19230769230769232,1
287,22,9,9,4,COD,4.3,1.0,1
9550,57,17,4,1,COD,4.4,0.23529411764705882,0
6016,36,26,8,1,UPI,4.8,0.3076923076923077,1
5670,35,3,0,7,COD,3.1,0.0,1
6476,48,24,1,2,COD,3.5,0.041666666666666664,0
5939,50,6,1,7,UPI,3.1,0.16666666666666666,1
4473,64,5,3,7,COD,2.8,0.6,1
9773,35,5,0,10,UPI,4.3,0.0,1
6723,56,22,0,9,CARD,3.0,0.0,1
5203,33,15,10,7,UPI,3.3,0.6666666666666666,1
8238,33,23,0,1,UPI,3.2,0.0,0
6806,64,17,6,8,UPI,4.1,0.35294117647058826,1
2264,55,9,2,8,UPI,4.8,0.2222222222222222,0
5515,58,3,1,4,COD,4.0,0.3333333333333333,0
517,24,20,1,8,CARD,3.4,0.05,0
1702,31,26,8,4,COD,4.3,0.3076923076923077,0
6330,60,17,2,8,COD,3.9,0.11764705882352941,1
7619,42,29,1,5,UPI,2.2,0.034482758620689655,0
2242,49,27,7,4,COD,2.3,0.25925925925925924,1
4798,55,10,9,6,COD,2.1,0.9,1
318,39,3,1,2,COD,3.4,0.3333333333333333,0
909,33,18,5,2,COD,4.5,0.2777777777777778,0
3757,46,18,9,2,COD,2.9,0.5,1
3450,33,30,10,9,COD,3.2,0.3333333333333333,1
8261,29,17,6,10,UPI,4.7,0.35294117647058826,1
8809,34,24,6,3,CARD,4.5,0.25,1
2803,54,3,2,10,COD,4.0,0.6666666666666666,1
1301,44,3,0,4,CARD,2.8,0.0,0
4621,42,6,6,10,COD,2.4,1.0,1
8057,30,13,5,8,COD,2.0,0.38461538461538464,1
8377,25,24,3,4,COD,2.3,0.125,1
6282,22,29,10,10,UPI,2.9,0.3448275862068966,1
6858,29,15,8,10,COD,3.7,0.5333333333333333,1
2461,58,25,5,7,UPI,2.2,0.2,1
8221,20,9,3,5,UPI,2.4,0.3333333333333333,0
708,52,4,3,9,UPI,2.5,0.75,1
2579,50,14,2,4,UPI,3.9,0.14285714285714285,0
9079,39,5,3,3,CARD,3.8,0.6,1
4952,61,2,2,2,COD,3.7,1.0,1
9684,26,11,1,1,COD,2.8,0.09090909090909091,0
5695,58,9,4,6,UPI,3.1,0.4444444444444444,1
3409,35,24,1,10,UPI,2.3,0.041666666666666664,0
7598,46,3,1,2,COD,2.7,0.3333333333333333,1
6943,56,27,2,8,COD,4.7,0.07407407407407407,1
5848,44,28,5,6,UPI,4.9,0.17857142857142858,1
5371,53,29,10,5,COD,3.9,0.3448275862068966,1
8090,62,9,9,2,COD,4.8,1.0,1
524,34,3,0,7,CARD,3.9,0.0,1
3757,51,25,0,2,UPI,2.1,0.0,1
3787,63,2,1,5,UPI,5.0,0.5,0
351,20,12,8,2,UPI,2.3,0.6666666666666666,1
1154,22,10,10,10,CARD,4.0,1.0,1
4554,31,9,3,2,COD,2.8,0.3333333333333333,1
7360,20,15,10,7,COD,3.2,0.6666666666666666,1
9583,40,8,1,9,UPI,3.9,0.125,0
887,56,25,3,5,UPI,3.3,0.12,0
8701,47,5,0,7,COD,2.8,0.0,1
9894,62,11,2,4,CARD,3.0,0.18181818181818182,1
3327,40,27,9,2,UPI,3.0,0.3333333333333333,0
6963,44,2,0,3,COD,4.9,0.0,0
3595,27,24,9,2,COD,4.4,0.375,1
9205,42,28,4,5,COD,3.4,0.14285714285714285,0
1045,30,15,10,6,UPI,2.6,0.6666666666666666,1
1364,33,6,5,7,CARD,4.4,0.8333333333333334,0
6104,58,8,2,3,COD,2.5,0.25,1
5560,51,27,4,4,CARD,2.6,0.14814814814814814,0
554,54,5,2,8,CARD,3.1,0.4,0
2072,39,16,7,4,UPI,4.6,0.4375,0
2224,34,26,5,7,UPI,2.4,0.19230769230769232,0
3017,40,18,3,6,COD,2.4,0.16666666666666666,0
4032,53,6,1,7,UPI,3.5,0.16666666666666666,0
8457,26,5,5,1,COD,2.8,1.0,1
2781,19,28,8,3,UPI,3.7,0.2857142857142857,0
9782,49,16,0,6,COD,3.4,0.0,1
9522,39,13,0,3,CARD,3.3,0.0,0
2686,60,28,3,7,CARD,2.3,0.10714285714285714,0
9226,30,5,0,9,COD,2.4,0.0,0
8618,25,13,8,3,COD,4.5,0.6153846153846154,1
2643,18,17,3,1,UPI,4.7,0.17647058823529413,0
9119,34,18,2,10,UPI,2.7,0.1111111111111111,0
1236,29,8,0,6,COD,2.3,0.0,0
8884,21,13,9,1,UPI,2.2,0.6923076923076923,0
7635,30,30,3,1,COD,3.8,0.1,0
1748,48,29,8,8,COD,4.1,0.27586206896551724,1
9535,58,19,9,9,COD,3.1,0.47368421052631576,1
5265,24,26,5,2,COD,4.0,0.19230769230769232,1
6696,40,3,3,9,UPI,4.1,1.0,1
6383,41,24,5,5,CARD,4.8,0.20833333333333334,1
4157,22,8,0,8,COD,2.2,0.0,1
3607,22,2,1,7,UPI,2.6,0.5,1
839,34,8,1,7,COD,2.2,0.125,0
372,47,27,10,4,UPI,4.6,0.37037037037037035,1
5866,26,13,5,2,COD,4.4,0.38461538461538464,1
4554,23,13,1,5,UPI,3.7,0.07692307692307693,1
4159,42,1,0,3,CARD,2.3,0.0,0
8908,36,6,3,9,COD,2.8,0.5,1
8914,33,24,10,6,UPI,2.9,0.4166666666666667,1
3086,38,19,4,1,COD,3.7,0.21052631578947367,1
2364,19,16,8,3,COD,2.8,0.5,1
4145,27,8,3,4,COD,2.2,0.375,1
5435,33,28,10,9,COD,4.2,0.35714285714285715,1
7946,54,1,0,6,COD,2.9,0.0,1
2790,32,27,10,4,COD,3.4,0.37037037037037035,1
7954,30,27,9,1,COD,2.4,0.3333333333333333,0
5134,30,16,2,8,COD,4.4,0.125,1
4276,49,9,7,2,UPI,3.7,0.7777777777777778,0
5385,62,13,0,8,CARD,4.7,0.0,0
1293,64,11,10,6,COD,3.5,0.9090909090909091,1
4080,63,13,8,8,COD,4.8,0.6153846153846154,0
6759,25,25,8,6,COD,4.7,0.32,1
2985,60,21,9,5,CARD,3.7,0.42857142857142855,0
6265,35,10,1,5,UPI,4.8,0.1,1
6739,53,4,3,10,UPI,3.0,0.75,1
1774,43,27,7,10,COD,3.1,0.25925925925925924,1
5876,27,6,6,8,COD,2.1,1.0,1
8260,48,28,0,7,COD,3.8,0.0,0
4190,50,7,4,8,CARD,4.2,0.5714285714285714,1
5410,46,5,3,8,CARD,4.3,0.6,1
5045,22,11,0,7,COD,2.4,0.0,0
9485,30,13,8,2,UPI,3.3,0.6153846153846154,1
1389,18,26,4,9,COD,2.5,0.15384615384615385,0
2889,40,25,10,7,COD,4.0,0.4,1
4295,57,19,1,6,CARD,2.5,0.05263157894736842,0
2075,20,23,7,9,UPI,4.7,0.30434782608695654,1
7968,20,10,10,1,COD,2.7,1.0,1
3606,24,10,1,2,COD,2.9,0.1,0
4132,53,11,2,1,CARD,4.6,0.18181818181818182,0
9999,52,21,9,10,UPI,3.4,0.42857142857142855,0
8440,32,30,0,3,UPI,2.1,0.0,0
5608,57,7,2,5,COD,3.5,0.2857142857142857,1
4061,20,18,1,1,COD,2.3,0.05555555555555555,0
7606,46,4,1,4,CARD,5.0,0.25,1
3033,47,2,1,8,UPI,3.8,0.5,1
5485,56,14,5,6,COD,2.8,0.35714285714285715,1
9789,35,13,2,1,UPI,3.7,0.15384615384615385,1
7845,28,29,3,1,UPI,2.2,0.10344827586206896,0
9223,60,12,10,3,COD,4.4,0.8333333333333334,1
4977,55,7,6,10,COD,4.8,0.8571428571428571,1
2935,57,2,0,8,UPI,4.6,0.0,0
8473,18,13,7,8,UPI,3.0,0.5384615384615384,1
8478,46,14,2,3,UPI,3.0,0.14285714285714285,0
6568,27,27,9,7,CARD,2.1,0.3333333333333333,1
1021,45,17,5,3,COD,4.0,0.29411764705882354,0
7725,48,9,0,4,COD,3.6,0.0,0
362,36,17,6,9,CARD,3.4,0.35294117647058826,0
7977,20,8,7,4,COD,4.7,0.875,1
2132,53,2,2,3,UPI,2.5,1.0,1
3735,60,28,7,5,UPI,2.0,0.25,0
6156,32,24,2,7,UPI,2.2,0.08333333333333333,1
3646,50,13,9,5,COD,2.7,0.6923076923076923,1
2990,58,3,0,4,UPI,2.1,0.0,0
2907,60,16,8,8,CARD,3.5,0.5,1
8159,62,6,4,4,UPI,2.9,0.6666666666666666,1
4133,43,19,5,2,UPI,2.5,0.2631578947368421,1
3585,33,30,10,10,COD,4.3,0.3333333333333333,1
6836,53,7,0,6,COD,2.6,0.0,0
1122,50,10,6,2,COD,4.1,0.6,1
8289,37,9,0,3,COD,3.0,0.0,1
9974,30,2,0,1,CARD,3.5,0.0,1
764,50,28,5,5,UPI,4.8,0.17857142857142858,0
3458,22,28,4,9,UPI,2.1,0.14285714285714285,1
2700,54,15,8,2,UPI,3.5,0.5333333333333333,1
4766,31,30,1,7,COD,4.6,0.03333333333333333,1
9379,44,5,2,5,CARD,3.8,0.4,1
7081,40,29,4,2,COD,2.8,0.13793103448275862,1
3836,31,22,1,8,COD,3.2,0.045454545454545456,0
6230,57,4,4,6,UPI,4.0,1.0,1
423,21,20,9,4,CARD,4.7,0.45,1
6497,56,4,2,4,CARD,2.1,0.5,1
550,36,18,10,2,COD,2.2,0.5555555555555556,1
7514,64,4,3,3,CARD,3.0,0.75,1
2128,21,27,5,7,COD,2.7,0.18518518518518517,1
7943,47,17,9,3,COD,2.8,0.5294117647058824,1
8740,36,12,7,5,CARD,2.7,0.5833333333333334,1
4932,48,22,3,10,CARD,2.6,0.13636363636363635,1
1217,48,17,1,6,UPI,2.4,0.058823529411764705,0
2426,26,10,10,6,UPI,4.8,1.0,1
7406,30,22,4,4,CARD,2.4,0.18181818181818182,0
7370,31,1,0,6,UPI,2.6,0.0,0
6407,63,22,1,3,CARD,2.7,0.045454545454545456,0
2619,27,26,1,7,UPI,4.8,0.038461538461538464,0
6440,48,24,5,7,CARD,4.3,0.20833333333333334,1
2093,54,27,10,4,CARD,4.4,0.37037037037037035,0
5522,40,18,9,2,COD,2.3,0.5,1
7918,44,18,8,7,CARD,4.5,0.4444444444444444,1
7078,23,14,3,3,UPI,3.2,0.21428571428571427,0
1325,43,15,5,1,COD,2.8,0.3333333333333333,1
3317,19,29,6,2,UPI,3.7,0.20689655172413793,1
4361,62,12,10,10,COD,4.5,0.8333333333333334,1
4242,30,4,3,9,UPI,4.3,0.75,0
4633,36,27,0,8,CARD,4.7,0.0,0
8838,18,3,2,6,COD,4.8,0.6666666666666666,1
2858,57,20,2,6,COD,2.7,0.1,1
3683,49,29,5,1,CARD,3.3,0.1724137931034483,0
3144,39,12,1,2,COD,2.0,0.08333333333333333,0
7410,46,7,0,4,COD,4.6,0.0,0
7853,19,29,0,3,COD,2.5,0.0,0
8987,57,11,5,1,UPI,4.6,0.45454545454545453,1
2186,55,1,1,8,UPI,3.0,1.0,1
1274,28,6,4,7,CARD,3.1,0.6666666666666666,1
4505,34,15,4,4,UPI,2.1,0.26666666666666666,1
3207,60,15,0,9,CARD,3.0,0.0,1
1169,25,19,9,4,UPI,4.7,0.47368421052631576,1
8972,39,11,4,1,COD,2.1,0.36363636363636365,1
3024,21,26,1,10,UPI,3.2,0.038461538461538464,0
1411,28,23,6,1,UPI,2.1,0.2608695652173913,1
429,25,26,2,1,UPI,3.1,0.07692307692307693,0
4484,26,2,0,1,COD,2.5,0.0,1
3385,43,14,3,4,COD,2.8,0.21428571428571427,1
701,19,2,2,1,COD,4.6,1.0,1
248,33,29,2,2,COD,3.3,0.06896551724137931,0
3766,48,4,3,4,UPI,2.8,0.75,1
3255,23,17,4,7,COD,3.8,0.23529411764705882,1
9080,38,3,0,2,UPI,2.4,0.0,1
586,43,13,3,8,COD,2.8,0.23076923076923078,1
1169,36,9,7,7,COD,3.6,0.7777777777777778,0
9397,45,7,1,9,UPI,2.7,0.14285714285714285,1
6020,25,15,6,6,COD,4.0,0.4,1
3252,31,23,8,4,CARD,3.5,0.34782608695652173,1
7597,41,29,4,6,COD,4.3,0.13793103448275862,1
2502,61,29,9,4,COD,4.8,0.3103448275862069,0
2483,54,11,3,7,CARD,2.3,0.2727272727272727,1
9999,43,20,7,9,UPI,3.0,0.35,0
4566,48,2,0,3,COD,3.0,0.0,0
322,49,15,6,3,COD,2.5,0.4,1
6999,58,14,6,2,UPI,4.4,0.42857142857142855,0
9672,19,20,4,1,CARD,4.3,0.2,0
3927,42,22,3,1,CARD,3.5,0.13636363636363635,1
8650,61,11,9,3,COD,3.6,0.8181818181818182,1
9339,19,27,0,7,CARD,2.2,0.0,0
5158,59,3,1,9,COD,3.7,0.3333333333333333,1
724,18,17,9,2,COD,4.4,0.5294117647058824,1
9279,53,30,6,7,CARD,3.7,0.2,1
8599,29,12,0,1,COD,2.8,0.0,0
348,26,24,0,2,COD,4.0,0.0,0
8201,53,28,4,6,COD,3.1,0.14285714285714285,1
637,58,29,8,5,COD,3.6,0.27586206896551724,1
3949,45,21,5,8,UPI,3.5,0.23809523809523808,1
8386,55,15,2,2,UPI,3.1,0.13333333333333333,0
4653,50,16,2,1,COD,4.2,0.125,0
5536,59,5,5,7,UPI,4.7,1.0,1
4751,63,27,8,6,CARD,2.0,0.2962962962962963,1
3023,39,20,5,8,CARD,4.8,0.25,0
5928,42,6,4,8,COD,3.5,0.6666666666666666,1
8877,35,19,9,2,CARD,4.1,0.47368421052631576,1
8591,23,25,6,8,UPI,4.6,0.24,0
2182,35,5,0,6,COD,3.4,0.0,1
7196,33,3,3,9,COD,4.5,1.0,1
9863,32,27,6,7,COD,2.5,0.2222222222222222,1
2511,25,1,1,2,UPI,2.5,1.0,1
7425,30,26,2,8,COD,4.0,0.07692307692307693,0
9913,60,28,8,9,UPI,4.6,0.2857142857142857,1
804,24,6,6,7,COD,4.7,1.0,1
8375,34,15,5,4,CARD,3.9,0.3333333333333333,1
5985,49,2,0,9,COD,3.6,0.0,0
9809,39,29,4,4,CARD,3.0,0.13793103448275862,1
4797,30,3,2,4,CARD,4.9,0.6666666666666666,0
7959,64,17,3,9,COD,3.0,0.17647058823529413,1
7732,40,25,6,8,UPI,4.2,0.24,1
8940,46,24,0,4,COD,3.6,0.0,0
1038,39,12,6,8,CARD,3.8,0.5,1
4015,18,18,7,8,UPI,3.2,0.3888888888888889,1
1047,46,15,4,7,COD,4.9,0.26666666666666666,0
4909,22,12,1,10,COD,3.7,0.08333333333333333,1
4707,52,16,4,6,COD,4.8,0.25,0
6775,27,27,5,8,CARD,2.0,0.18518518518518517,1
4973,36,8,1,7,UPI,3.7,0.125,0
4668,54,28,5,5,CARD,4.2,0.17857142857142858,0
5392,24,14,5,4,COD,4.2,0.35714285714285715,1
3520,63,25,0,2,COD,4.7,0.0,1
4898,52,17,0,8,CARD,2.0,0.0,1
4511,62,29,10,9,COD,2.0,0.3448275862068966,1
3873,30,21,9,4,CARD,3.4,0.42857142857142855,1
1764,27,8,2,4,COD,2.1,0.25,1
2040,19,15,9,5,COD,4.9,0.6,1
6258,23,27,9,2,UPI,2.7,0.3333333333333333,1
7331,25,14,2,7,CARD,3.4,0.14285714285714285,0
926,53,18,3,5,CARD,2.2,0.16666666666666666,1
9636,42,20,1,6,COD,3.6,0.05,1
6897,61,7,0,4,COD,3.1,0.0,0
9457,64,3,1,8,UPI,2.1,0.3333333333333333,1
482,57,29,10,8,UPI,3.0,0.3448275862068966,1
1281,24,12,6,5,UPI,3.2,0.5,1
4085,63,21,6,6,COD,5.0,0.2857142857142857,1
3081,40,24,5,3,CARD,2.6,0.20833333333333334,1
3170,36,28,2,1,UPI,3.6,0.07142857142857142,0
9544,63,26,5,9,CARD,5.0,0.19230769230769232,1
7185,39,3,2,9,UPI,4.4,0.6666666666666666,1
1147,30,20,7,3,COD,5.0,0.35,1
4960,38,14,7,4,CARD,4.9,0.5,1
266,18,15,10,7,UPI,3.5,0.6666666666666666,1
9028,36,25,8,2,CARD,4.1,0.32,0
8705,50,30,0,3,CARD,2.3,0.0,0
764,21,14,0,6,UPI,3.3,0.0,1
9993,59,7,2,8,UPI,4.4,0.2857142857142857,1
9217,20,17,2,1,COD,3.5,0.11764705882352941,1
3870,44,30,9,4,COD,4.1,0.3,1
9417,58,12,7,1,COD,4.2,0.5833333333333334,1
2451,52,20,9,2,COD,2.8,0.45,1
1004,45,4,0,8,COD,4.6,0.0,0
4831,23,9,1,6,COD,3.4,0.1111111111111111,0
9783,23,6,1,9,COD,2.6,0.16666666666666666,1
1435,61,16,2,2,COD,4.6,0.125,1
6920,40,25,5,3,COD,3.3,0.2,1
7106,50,28,0,9,COD,4.3,0.0,1
6216,33,22,1,9,UPI,3.6,0.045454545454545456,0
3749,41,22,0,6,UPI,3.1,0.0,0
8138,22,21,4,3,COD,4.4,0.19047619047619047,1
4341,58,21,6,5,UPI,3.8,0.2857142857142857,0
7166,59,2,1,2,CARD,3.2,0.5,1
9746,30,24,0,7,COD,2.3,0.0,1
5535,64,8,6,10,UPI,4.7,0.75,1
5277,29,11,4,8,CARD,2.1,0.36363636363636365,1
5811,22,13,9,6,CARD,4.6,0.6923076923076923,1
8289,54,17,0,8,COD,3.1,0.0,1
3092,48,8,2,2,UPI,3.9,0.25,0
5777,45,21,6,3,COD,4.8,0.2857142857142857,1
3818,45,18,9,7,UPI,2.5,0.5,1
1759,47,30,0,10,CARD,3.7,0.0,0
6883,35,18,6,1,UPI,4.3,0.3333333333333333,0
1707,61,14,4,7,CARD,4.3,0.2857142857142857,1
2263,44,15,0,6,COD,3.6,0.0,0
3842,52,6,0,8,CARD,3.9,0.0,1
2200,43,11,0,7,UPI,4.3,0.0,1
1494,56,13,10,4,COD,4.5,0.7692307692307693,1
4265,35,25,8,3,UPI,4.3,0.32,0
8214,50,1,0,3,COD,3.1,0.0,1
1803,42,28,2,4,COD,5.0,0.07142857142857142,0
1522,48,6,6,9,CARD,3.3,1.0,1
6156,54,9,4,9,COD,2.1,0.4444444444444444,1
2641,19,8,8,2,UPI,3.1,1.0,1
1298,50,11,5,5,COD,2.4,0.45454545454545453,1
5273,56,22,8,1,COD,2.4,0.36363636363636365,0
9897,60,19,7,4,CARD,2.8,0.3684210526315789,1
9518,60,24,7,2,COD,2.2,0.2916666666666667,1
8688,49,9,0,8,UPI,4.1,0.0,0
3987,35,17,8,4,UPI,2.2,0.47058823529411764,1
2296,34,12,5,5,UPI,2.6,0.4166666666666667,1
2408,51,25,8,4,CARD,2.3,0.32,1
6188,56,14,2,5,UPI,2.2,0.14285714285714285,1
375,24,15,2,5,COD,2.8,0.13333333333333333,1
7369,59,16,5,5,CARD,3.7,0.3125,1
6214,52,22,8,3,COD,4.9,0.36363636363636365,1
1867,47,22,6,7,UPI,4.6,0.2727272727272727,1
9067,29,28,2,3,CARD,4.6,0.07142857142857142,0
2023,52,20,2,2,UPI,2.5,0.1,0
5347,28,1,1,3,CARD,2.8,1.0,1
1556,61,10,8,3,UPI,2.2,0.8,1
3272,21,8,2,8,CARD,4.3,0.25,1
3459,42,18,10,4,CARD,2.2,0.5555555555555556,1
6399,49,28,4,3,COD,3.7,0.14285714285714285,1
746,37,1,1,10,COD,2.7,1.0,1
5431,48,2,1,5,UPI,2.7,0.5,1
8165,21,1,0,4,UPI,5.0,0.0,1
2283,55,1,1,9,COD,4.3,1.0,1
2240,64,9,1,8,COD,4.5,0.1111111111111111,0
4734,18,13,2,7,COD,3.7,0.15384615384615385,1
1952,20,30,1,8,CARD,4.6,0.03333333333333333,1
2049,54,1,1,5,UPI,3.9,1.0,1
2842,39,13,7,4,COD,4.8,0.5384615384615384,1
1800,34,20,5,7,COD,2.8,0.25,1
4602,31,26,5,1,COD,3.8,0.19230769230769232,1
3999,58,22,8,6,COD,4.1,0.36363636363636365,1
818,52,7,7,8,COD,3.2,1.0,1
1332,30,2,2,7,CARD,4.6,1.0,1
5691,52,6,3,2,CARD,4.9,0.5,1
5995,60,7,3,7,COD,3.5,0.42857142857142855,1
7833,19,26,8,6,COD,3.2,0.3076923076923077,1
1687,64,14,0,5,COD,3.4,0.0,0
8048,30,26,1,4,UPI,4.6,0.038461538461538464,0
5209,33,18,1,1,COD,3.9,0.05555555555555555,1
9949,35,15,5,2,COD,2.1,0.3333333333333333,1
2313,24,2,2,7,COD,3.6,1.0,1
1244,62,10,3,10,UPI,2.1,0.3,1
2631,53,23,10,3,UPI,4.3,0.43478260869565216,1
8179,58,12,9,5,UPI,3.0,0.75,1
1782,47,17,2,8,COD,3.4,0.11764705882352941,1
1508,59,8,2,8,CARD,4.4,0.25,1
5117,58,11,2,6,CARD,2.1,0.18181818181818182,0
8993,24,29,5,5,COD,2.5,0.1724137931034483,1
1820,32,3,1,2,COD,3.2,0.3333333333333333,0
7703,57,27,7,9,UPI,2.7,0.25925925925925924,1
4966,36,6,2,1,COD,3.0,0.3333333333333333,0
5562,60,9,6,2,COD,5.0,0.6666666666666666,1
5392,54,6,5,1,UPI,4.5,0.8333333333333334,1
6822,19,9,3,4,UPI,4.7,0.3333333333333333,1
6293,59,7,2,4,COD,4.8,0.2857142857142857,1
6904,30,9,3,5,UPI,3.0,0.3333333333333333,1
300,57,18,10,5,CARD,2.9,0.5555555555555556,1
6857,58,12,9,8,COD,2.7,0.75,1
6075,60,8,1,3,UPI,4.5,0.125,0
4471,60,8,0,6,COD,4.0,0.0,0
437,48,18,8,3,COD,2.7,0.4444444444444444,1
7426,33,28,1,2,UPI,3.1,0.03571428571428571,1
8232,59,30,7,8,COD,3.5,0.23333333333333334,1
5418,61,20,8,1,COD,3.6,0.4,1
4225,23,30,3,9,COD,4.7,0.1,0
6273,45,15,7,7,UPI,3.1,0.4666666666666667,1
2742,49,27,8,10,UPI,4.7,0.2962962962962963,0
1737,61,7,1,4,COD,3.3,0.14285714285714285,0
954,27,11,9,3,UPI,4.2,0.8181818181818182,1
7596,35,20,4,6,COD,4.8,0.2,1
8023,21,16,6,9,UPI,4.7,0.375,1
5707,26,4,1,9,COD,2.2,0.25,1
4435,24,6,3,4,UPI,2.6,0.5,1
740,25,26,0,10,CARD,3.4,0.0,0
5710,60,22,2,5,CARD,3.3,0.09090909090909091,0
8661,24,26,4,9,COD,3.9,0.15384615384615385,1
8126,58,3,2,2,CARD,4.8,0.6666666666666666,0
5331,57,9,6,2,COD,2.3,0.6666666666666666,1
8897,20,28,8,5,CARD,3.4,0.2857142857142857,0
1329,34,10,5,1,COD,2.6,0.5,1
3345,19,14,9,8,COD,4.7,0.6428571428571429,1
8753,32,11,0,5,COD,4.9,0.0,1
3920,63,18,6,10,COD,3.4,0.3333333333333333,1
9848,46,22,2,2,UPI,2.3,0.09090909090909091,0
4267,39,12,4,9,CARD,4.4,0.3333333333333333,1
4395,21,23,9,2,UPI,4.1,0.391304347826087,0
9444,23,12,3,7,UPI,3.1,0.25,1
7481,55,13,9,8,UPI,4.7,0.6923076923076923,1
2709,43,25,4,6,COD,4.9,0.16,1
5216,28,13,4,7,COD,3.7,0.3076923076923077,1
6733,43,19,5,1,COD,3.7,0.2631578947368421,1
4927,34,26,9,4,COD,2.9,0.34615384615384615,1
881,41,19,9,7,COD,3.8,0.47368421052631576,0
4132,45,23,10,1,COD,3.3,0.43478260869565216,1
5760,52,14,5,1,COD,2.9,0.35714285714285715,1
4216,48,4,2,6,COD,2.2,0.5,1
7539,30,13,8,4,CARD,2.8,0.6153846153846154,1
919,52,8,7,3,COD,2.6,0.875,1
274,33,29,10,5,UPI,3.6,0.3448275862068966,0
9685,32,23,1,9,UPI,3.8,0.043478260869565216,1
4357,60,21,9,10,UPI,3.8,0.42857142857142855,1
8711,35,23,10,10,COD,3.2,0.43478260869565216,1
2349,64,19,0,10,COD,3.3,0.0,0
9844,54,12,9,3,COD,4.5,0.75,1
9947,58,18,1,5,COD,3.4,0.05555555555555555,1
6913,44,6,1,10,COD,5.0,0.16666666666666666,1
4407,52,18,2,5,UPI,3.3,0.1111111111111111,0
7341,62,19,9,9,UPI,3.9,0.47368421052631576,1
8852,52,22,6,10,UPI,2.2,0.2727272727272727,1
9278,45,5,1,4,COD,4.0,0.2,0
4136,56,24,0,1,COD,4.6,0.0,0
9507,55,9,5,10,CARD,4.8,0.5555555555555556,1
1275,26,27,8,5,COD,5.0,0.2962962962962963,1
4076,29,3,2,1,UPI,2.8,0.6666666666666666,1
4815,32,28,2,6,UPI,3.7,0.07142857142857142,0
7465,38,10,5,10,COD,3.4,0.5,1
6579,52,19,2,10,COD,3.7,0.10526315789473684,1
9318,59,3,1,7,UPI,2.5,0.3333333333333333,1
4852,50,29,0,1,COD,4.6,0.0,1
6992,36,29,4,10,COD,4.7,0.13793103448275862,1
9447,40,22,9,4,COD,3.3,0.4090909090909091,0
7656,30,15,10,9,COD,2.8,0.6666666666666666,0
4874,61,1,1,1,UPI,2.4,1.0,0
741,18,7,6,9,CARD,4.1,0.8571428571428571,1
2361,46,12,5,8,COD,2.9,0.4166666666666667,1
2451,41,17,9,5,CARD,4.7,0.5294117647058824,1
9444,33,30,6,6,CARD,4.0,0.2,1
4769,42,21,4,7,CARD,3.9,0.19047619047619047,0
2944,40,26,3,4,CARD,3.7,0.11538461538461539,1
6241,45,29,6,6,COD,2.1,0.20689655172413793,0
4875,64,24,6,7,COD,4.8,0.25,1
1760,33,20,5,6,UPI,3.9,0.25,0
1364,60,5,3,6,UPI,5.0,0.6,1
5619,55,4,1,2,CARD,3.6,0.25,1
2922,28,28,4,5,CARD,4.1,0.14285714285714285,0
670,20,12,3,3,UPI,2.2,0.25,0
9808,32,30,0,7,COD,3.9,0.0,1
1668,18,20,7,4,COD,4.3,0.35,1
8125,24,28,0,1,COD,4.3,0.0,0
1008,18,24,4,6,UPI,4.3,0.16666666666666666,0
8563,49,18,5,6,UPI,2.7,0.2777777777777778,0
6919,26,17,5,7,CARD,4.9,0.29411764705882354,1
5273,46,19,4,8,UPI,5.0,0.21052631578947367,1
8212,43,9,2,3,CARD,2.2,0.2222222222222222,0
1845,40,4,4,6,UPI,4.8,1.0,0
8449,62,26,7,10,CARD,2.9,0.2692307692307692,0
1329,60,21,1,2,COD,4.1,0.047619047619047616,0
1553,46,2,1,9,CARD,3.0,0.5,0
967,55,4,0,2,UPI,4.9,0.0,0
4095,50,2,1,3,COD,2.3,0.5,1
9074,24,15,10,10,COD,3.5,0.6666666666666666,1
3654,29,2,2,2,CARD,3.3,1.0,1
7529,48,4,4,9,COD,3.0,1.0,1
1990,49,6,6,1,UPI,3.9,1.0,1
9869,37,7,7,5,COD,2.4,1.0,1
1085,34,10,5,1,UPI,4.1,0.5,0
7934,53,19,1,5,CARD,4.9,0.05263157894736842,0
4106,20,19,1,8,COD,4.4,0.05263157894736842,1
4692,18,26,7,8,COD,4.6,0.2692307692307692,1
9930,44,22,10,8,CARD,3.1,0.45454545454545453,0
2273,64,29,0,2,UPI,3.0,0.0,0
512,57,12,5,8,CARD,3.6,0.4166666666666667,0
6469,50,3,0,5,COD,2.1,0.0,1
5517,37,13,5,1,COD,4.8,0.38461538461538464,1
1010,31,18,10,7,COD,2.4,0.5555555555555556,1
7041,53,8,3,6,UPI,4.7,0.375,1
2232,22,21,10,5,COD,2.3,0.47619047619047616,1
9899,40,15,10,1,COD,4.5,0.6666666666666666,1
7329,62,1,1,1,COD,2.5,1.0,1
2905,32,3,0,6,COD,2.1,0.0,1
8988,23,26,9,10,CARD,4.2,0.34615384615384615,1
2347,50,8,2,7,COD,2.8,0.25,1
815,36,4,4,10,UPI,4.1,1.0,1
1147,30,16,10,10,CARD,3.7,0.625,1
5877,46,30,2,1,COD,2.3,0.06666666666666667,1
4851,23,23,0,9,UPI,4.8,0.0,0
8066,32,10,2,4,CARD,3.4,0.2,1
2213,33,12,3,5,CARD,4.2,0.25,1
3897,41,14,10,2,COD,3.5,0.7142857142857143,1
690,40,14,10,10,COD,3.8,0.7142857142857143,1
4550,27,2,0,8,COD,2.9,0.0,1
2628,58,23,2,2,UPI,2.6,0.08695652173913043,0
5187,58,5,5,3,UPI,3.6,1.0,0
8933,34,5,2,9,UPI,3.3,0.4,0
9679,61,6,5,2,COD,3.2,0.8333333333333334,1
5120,62,13,4,6,COD,4.0,0.3076923076923077,1
3126,47,9,2,4,UPI,4.1,0.2222222222222222,1
9744,61,30,5,7,UPI,2.1,0.16666666666666666,1
7482,63,22,5,6,UPI,3.0,0.22727272727272727,0
4576,27,28,7,10,COD,3.2,0.25,1
9690,36,29,1,9,COD,2.3,0.034482758620689655,1
5068,46,15,0,9,COD,2.7,0.0,1
7186,19,14,3,10,COD,2.2,0.21428571428571427,1
7062,53,24,6,4,COD,5.0,0.25,1
4623,36,7,6,1,COD,4.2,0.8571428571428571,1
7070,24,25,10,2,COD,2.3,0.4,1
8359,43,20,9,8,COD,2.1,0.45,1
2273,32,2,2,10,COD,4.2,1.0,1
6370,64,7,2,8,UPI,3.3,0.2857142857142857,1
901,55,6,4,2,COD,4.4,0.6666666666666666,0
8313,20,17,4,4,UPI,4.8,0.23529411764705882,1
7025,55,27,9,1,UPI,3.8,0.3333333333333333,1
8067,33,25,2,7,UPI,2.6,0.08,0
4464,19,25,8,4,CARD,4.3,0.32,0
8168,48,28,3,8,COD,4.9,0.10714285714285714,1
8346,45,2,0,9,UPI,3.7,0.0,1
7976,24,3,0,9,CARD,4.0,0.0,1
8758,47,5,2,3,CARD,3.0,0.4,0
8919,60,5,2,5,COD,3.1,0.4,1
5086,24,1,1,6,COD,4.2,1.0,0
4135,53,8,8,6,COD,4.8,1.0,1
4819,46,12,3,10,UPI,3.9,0.25,1
5391,41,24,2,8,UPI,4.4,0.08333333333333333,0
7075,56,4,2,6,COD,2.5,0.5,1
8056,21,13,1,6,UPI,2.6,0.07692307692307693,0
5601,46,23,6,4,UPI,3.6,0.2608695652173913,0
3222,61,15,4,7,COD,2.5,0.26666666666666666,1
5938,22,11,10,8,CARD,3.9,0.9090909090909091,1
6184,46,10,4,3,UPI,2.9,0.4,1
1970,47,3,2,7,COD,4.4,0.6666666666666666,0
9189,46,22,4,3,UPI,4.4,0.18181818181818182,1
3415,43,14,1,8,COD,3.4,0.07142857142857142,0
6894,36,16,3,1,UPI,2.5,0.1875,1
3176,43,10,5,1,CARD,3.9,0.5,0
3937,54,29,0,6,CARD,5.0,0.0,0
952,44,10,9,10,COD,3.9,0.9,1
1592,47,12,3,9,COD,2.1,0.25,0
6989,47,30,5,4,COD,2.1,0.16666666666666666,1
877,20,9,8,6,UPI,3.0,0.8888888888888888,1
305,60,1,1,5,COD,2.6,1.0,0
4953,24,5,2,1,UPI,4.4,0.4,1
2146,26,20,10,6,COD,4.5,0.5,1
5744,58,8,1,9,COD,2.8,0.125,0
1295,59,11,10,3,COD,3.0,0.9090909090909091,1
7185,30,12,6,3,CARD,2.7,0.5,1
1982,32,1,1,2,UPI,4.7,1.0,1
4741,22,25,1,4,COD,3.5,0.04,0
3457,46,22,7,10,COD,4.0,0.3181818181818182,1
6413,52,20,6,3,UPI,3.2,0.3,0
5069,44,28,10,2,COD,3.9,0.35714285714285715,1
1761,44,25,4,1,UPI,3.2,0.16,1
4206,25,11,4,3,CARD,3.0,0.36363636363636365,0
9514,49,5,0,10,UPI,3.9,0.0,0
4181,37,15,10,6,UPI,3.8,0.6666666666666666,1
9693,27,5,0,9,UPI,2.9,0.0,1
5882,30,12,8,5,CARD,2.4,0.6666666666666666,1
5982,46,5,5,3,CARD,3.1,1.0,1
1143,52,17,9,5,UPI,3.2,0.5294117647058824,1
4750,25,17,5,5,COD,3.9,0.29411764705882354,0
9337,46,24,2,5,UPI,4.7,0.08333333333333333,0
800,48,12,0,7,COD,2.1,0.0,1
6576,58,24,6,5,UPI,2.7,0.25,1
9809,47,28,3,7,UPI,2.6,0.10714285714285714,1
1724,39,15,0,9,COD,3.5,0.0,0
3966,38,15,7,5,COD,3.3,0.4666666666666667,1
450,29,6,3,2,UPI,4.2,0.5,1
9936,28,12,5,5,CARD,2.7,0.4166666666666667,0
278,19,27,5,8,UPI,3.8,0.18518518518518517,0
3323,58,29,1,4,UPI,4.7,0.034482758620689655,0
9289,19,20,0,2,COD,4.7,0.0,1
7264,51,18,1,10,UPI,4.9,0.05555555555555555,1
8617,20,14,3,3,COD,4.3,0.21428571428571427,1
1409,33,2,1,9,UPI,4.7,0.5,1
5353,21,9,0,9,COD,2.7,0.0,0
5098,40,5,2,8,UPI,2.6,0.4,1
2378,37,20,10,8,COD,2.0,0.5,1
7810,42,26,7,8,COD,4.1,0.2692307692307692,1
9095,47,29,5,8,CARD,4.8,0.1724137931034483,1
2744,35,1,1,8,COD,2.6,1.0,1
5722,59,23,5,1,COD,3.9,0.21739130434782608,0
2570,28,3,2,6,UPI,4.2,0.6666666666666666,1
3481,46,6,3,9,CARD,4.8,0.5,0
4910,34,5,1,8,COD,3.9,0.2,1
528,43,21,1,3,UPI,4.9,0.047619047619047616,1
5779,40,27,4,1,CARD,3.0,0.14814814814814814,0
4428,37,5,0,2,COD,3.0,0.0,0
6994,62,1,1,2,COD,3.6,1.0,1
320,19,17,1,7,COD,3.2,0.058823529411764705,0
6949,41,19,3,6,CARD,2.0,0.15789473684210525,0
1164,48,14,5,2,COD,4.2,0.35714285714285715,0
4424,44,12,9,8,COD,4.3,0.75,1
3875,19,10,10,9,UPI,4.2,1.0,1
5894,31,20,7,7,UPI,3.0,0.35,1
2276,21,21,7,4,COD,3.6,0.3333333333333333,1
7065,30,18,10,1,UPI,3.1,0.5555555555555556,1
5843,53,24,5,4,COD,2.0,0.20833333333333334,1
8724,52,27,3,4,COD,3.7,0.1111111111111111,0
5449,61,11,7,8,UPI,2.4,0.6363636363636364,0
1516,25,30,7,4,CARD,2.2,0.23333333333333334,1
1396,19,2,1,4,COD,4.3,0.5,1
3370,23,25,0,2,CARD,2.0,0.0,0
9821,48,18,3,10,UPI,4.9,0.16666666666666666,1
555,27,29,3,7,COD,3.5,0.10344827586206896,0
9918,61,25,6,4,UPI,4.9,0.24,0
228,38,7,7,6,COD,2.2,1.0,1
1213,59,24,10,3,CARD,3.8,0.4166666666666667,0
9219,27,15,6,7,CARD,3.0,0.4,1
2224,40,11,10,6,COD,4.5,0.9090909090909091,1
8690,20,18,7,3,COD,3.1,0.3888888888888889,1
6039,49,23,10,4,COD,2.8,0.43478260869565216,1
5991,37,12,4,10,COD,4.6,0.3333333333333333,1
954,27,6,6,5,COD,3.1,1.0,1
9161,46,20,7,9,COD,2.1,0.35,1
3935,58,23,8,6,UPI,3.2,0.34782608695652173,1
1438,63,30,2,4,COD,4.0,0.06666666666666667,1
2106,51,13,2,7,CARD,2.8,0.15384615384615385,1
7599,54,20,3,2,CARD,3.3,0.15,1
8161,37,16,4,4,UPI,2.2,0.25,1
9956,25,18,9,5,CARD,3.8,0.5,1
9610,24,10,0,4,COD,4.3,0.0,1
4801,23,28,6,4,COD,3.2,0.21428571428571427,1
9749,28,23,8,9,UPI,3.3,0.34782608695652173,1
1660,61,8,7,2,UPI,2.3,0.875,1
7869,35,18,4,6,UPI,2.6,0.2222222222222222,1
1616,59,21,3,8,CARD,2.5,0.14285714285714285,0
7966,46,1,1,8,CARD,3.4,1.0,1
1628,42,23,6,7,UPI,3.6,0.2608695652173913,1
4578,38,8,4,10,UPI,4.8,0.5,1
7729,63,29,6,4,COD,2.2,0.20689655172413793,1
4674,20,6,3,7,COD,3.8,0.5,1
3271,35,5,0,10,UPI,3.6,0.0,1
755,41,15,0,6,COD,3.5,0.0,0
8747,64,22,9,6,COD,4.6,0.4090909090909091,1
1763,55,15,2,2,COD,2.6,0.13333333333333333,0
1240,27,2,1,8,UPI,2.1,0.5,1
2886,44,1,0,8,COD,4.0,0.0,0
2753,29,23,1,7,UPI,3.0,0.043478260869565216,0
1979,24,23,1,9,COD,2.1,0.043478260869565216,1
275,34,26,6,8,COD,2.8,0.23076923076923078,0
4526,18,11,9,9,COD,2.9,0.8181818181818182,1
6035,43,10,1,9,COD,3.9,0.1,1
5257,32,30,10,6,CARD,2.5,0.3333333333333333,1
2549,50,18,3,2,COD,3.2,0.16666666666666666,1
2973,54,18,1,7,COD,3.4,0.05555555555555555,0
2462,64,17,5,3,UPI,3.4,0.29411764705882354,1
3429,48,26,7,7,UPI,4.9,0.2692307692307692,0
592,52,8,3,9,COD,2.1,0.375,1
1308,18,15,4,10,COD,4.9,0.26666666666666666,1
4562,25,8,3,10,CARD,3.7,0.375,1
5388,29,17,2,2,UPI,4.4,0.11764705882352941,0
9002,36,12,4,6,COD,3.3,0.3333333333333333,1
5257,42,27,8,6,UPI,3.4,0.2962962962962963,0
4198,49,8,7,9,COD,4.6,0.875,1
9064,29,25,7,9,COD,4.7,0.28,1
6766,30,14,7,5,UPI,2.7,0.5,1
3877,45,4,3,5,CARD,2.6,0.75,1
5996,18,1,1,9,COD,3.5,1.0,1
6563,23,1,0,8,CARD,4.7,0.0,0
8323,25,19,7,7,COD,3.0,0.3684210526315789,1
8422,21,16,10,8,COD,4.0,0.625,1
7890,22,14,7,6,COD,4.1,0.5,1
1600,42,21,7,3,COD,4.3,0.3333333333333333,1
4271,39,16,9,7,CARD,3.7,0.5625,1
9008,45,5,3,8,UPI,3.2,0.6,1
2986,56,9,0,8,COD,4.9,0.0,0
7369,40,26,3,1,CARD,3.8,0.11538461538461539,1
1070,21,30,3,7,CARD,4.2,0.1,0
4396,21,28,4,3,UPI,3.0,0.14285714285714285,0
9804,64,2,1,2,CARD,4.0,0.5,0
2939,38,18,5,2,COD,2.8,0.2777777777777778,1
1140,54,6,3,8,CARD,2.7,0.5,0
540,58,9,1,9,UPI,4.1,0.1111111111111111,0
7622,19,1,1,3,CARD,3.6,1.0,1
4333,24,9,5,3,UPI,4.0,0.5555555555555556,1
859,33,25,7,6,COD,2.8,0.28,1
9952,34,16,7,10,UPI,3.8,0.4375,1
3657,37,13,6,1,COD,3.3,0.46153846153846156,1
3175,40,9,5,6,COD,3.8,0.5555555555555556,1
9441,51,21,1,3,COD,2.9,0.047619047619047616,0
653,28,13,6,4,CARD,4.1,0.46153846153846156,1
8384,51,9,4,9,COD,4.4,0.4444444444444444,1
5642,50,11,5,3,UPI,2.8,0.45454545454545453,1
1018,43,4,1,1,COD,2.9,0.25,1
5068,19,2,1,3,CARD,4.0,0.5,0
212,40,29,7,7,COD,4.1,0.2413793103448276,1
7927,58,6,2,7,UPI,4.1,0.3333333333333333,1
1120,39,14,6,5,CARD,4.0,0.42857142857142855,0
5120,51,4,0,1,COD,3.2,0.0,1
2618,32,6,0,8,COD,3.2,0.0,0
9706,27,19,6,10,UPI,2.8,0.3157894736842105,1
6675,32,6,6,8,CARD,2.5,1.0,1
2217,59,2,2,10,UPI,4.1,1.0,1
8157,46,18,9,10,COD,2.3,0.5,1
9620,40,13,8,10,CARD,4.8,0.6153846153846154,1
4992,34,9,6,2,COD,4.5,0.6666666666666666,0
7030,26,23,9,10,UPI,4.6,0.391304347826087,1
2634,53,19,4,3,CARD,4.7,0.21052631578947367,0
3068,26,13,7,4,COD,3.2,0.5384615384615384,1
1638,33,11,1,1,UPI,4.5,0.09090909090909091,0
3743,53,1,0,4,UPI,2.5,0.0,0
1981,50,24,5,5,CARD,2.1,0.20833333333333334,1
6543,48,30,8,3,COD,4.4,0.26666666666666666,1
2463,23,22,1,10,COD,2.2,0.045454545454545456,1
411,27,7,2,2,CARD,5.0,0.2857142857142857,0
8899,33,25,7,6,COD,4.0,0.28,1
6359,21,21,0,8,COD,4.3,0.0,1
7227,39,15,9,7,CARD,2.7,0.6,1
531,30,1,0,1,COD,4.0,0.0,0
7060,33,12,6,4,CARD,2.1,0.5,1
8244,46,26,6,3,COD,4.5,0.23076923076923078,0
8369,23,7,4,6,COD,2.5,0.5714285714285714,1
8942,43,15,0,9,UPI,4.1,0.0,1
5920,28,21,8,9,UPI,2.7,0.38095238095238093,1
9333,41,19,7,7,UPI,2.2,0.3684210526315789,1
927,46,28,3,9,UPI,3.4,0.10714285714285714,1
5175,20,29,9,8,CARD,2.5,0.3103448275862069,1
3443,27,25,10,5,COD,4.2,0.4,1
848,18,1,0,9,COD,2.7,0.0,1
5295,60,17,1,7,COD,3.0,0.058823529411764705,1
6814,43,17,8,5,UPI,3.7,0.47058823529411764,0
7335,29,3,2,8,COD,2.9,0.6666666666666666,1
1209,31,12,5,7,COD,3.1,0.4166666666666667,1
1750,42,6,2,9,UPI,4.4,0.3333333333333333,1
9195,25,26,6,10,COD,2.5,0.23076923076923078,1
7692,60,11,8,1,COD,2.2,0.7272727272727273,1
3601,21,3,2,9,UPI,3.0,0.6666666666666666,1
7647,45,8,1,7,COD,3.3,0.125,1
5624,24,14,6,1,CARD,3.6,0.42857142857142855,0
4441,27,14,6,1,UPI,3.1,0.42857142857142855,1
3361,53,10,3,5,COD,4.4,0.3,1
4355,19,2,2,8,UPI,2.1,1.0,1
7678,43,14,8,9,COD,3.3,0.5714285714285714,0
8919,31,9,7,6,UPI,3.1,0.7777777777777778,1
9415,33,3,0,10,CARD,3.9,0.0,1
6817,60,21,0,8,UPI,4.9,0.0,1
5860,59,26,0,6,UPI,3.5,0.0,0
8824,34,8,4,6,COD,5.0,0.5,1
1376,63,16,5,4,COD,2.9,0.3125,1
8156,39,2,2,5,CARD,2.1,1.0,1
8792,21,6,4,2,COD,2.5,0.6666666666666666,0
2433,36,28,8,3,COD,3.2,0.2857142857142857,0
4900,19,21,9,3,COD,2.9,0.42857142857142855,1
6106,56,29,5,5,UPI,2.3,0.1724137931034483,1
8060,26,26,3,5,COD,3.3,0.11538461538461539,1
7726,36,25,6,6,CARD,3.0,0.24,0
5759,33,12,7,5,COD,2.4,0.5833333333333334,1
6932,42,5,0,6,COD,2.9,0.0,1
2713,35,2,0,8,UPI,4.7,0.0,0
8030,40,16,10,2,COD,2.9,0.625,1
7144,38,5,5,4,UPI,4.1,1.0,1
8110,28,15,5,6,COD,3.8,0.3333333333333333,1
5849,56,12,7,5,COD,3.3,0.5833333333333334,1
1296,58,4,3,1,COD,2.7,0.75,1
9320,21,15,4,9,CARD,3.1,0.26666666666666666,1
2151,42,11,2,3,UPI,3.8,0.18181818181818182,1
9946,49,16,2,2,UPI,3.1,0.125,1
9386,47,23,5,9,COD,2.6,0.21739130434782608,0
7999,62,6,1,7,UPI,2.3,0.16666666666666666,0
9004,43,14,5,5,UPI,4.6,0.35714285714285715,1
795,53,18,5,6,CARD,3.3,0.2777777777777778,1
8075,51,12,7,4,UPI,3.9,0.5833333333333334,0
9233,26,27,6,1,UPI,3.5,0.2222222222222222,1
4639,29,11,7,4,COD,4.6,0.6363636363636364,1
6172,19,13,8,9,UPI,3.6,0.6153846153846154,1
1058,55,21,5,1,UPI,3.4,0.23809523809523808,1
5719,22,23,2,10,CARD,4.8,0.08695652173913043,1
7585,22,11,9,3,COD,4.2,0.8181818181818182,1
8836,39,23,2,5,COD,2.3,0.08695652173913043,1
4517,22,16,10,7,COD,2.5,0.625,1
3654,21,15,0,9,COD,4.4,0.0,0
1230,26,21,10,6,COD,4.5,0.47619047619047616,1
9687,46,28,4,3,CARD,3.6,0.14285714285714285,0
8106,39,15,3,7,UPI,3.7,0.2,0
1647,44,25,8,4,CARD,3.9,0.32,0
3050,27,4,0,3,CARD,3.3,0.0,0
8306,33,11,4,7,COD,4.0,0.36363636363636365,1
7351,59,19,9,7,UPI,2.3,0.47368421052631576,0
9703,59,15,3,4,COD,4.9,0.2,1
7152,27,4,3,7,CARD,4.3,0.75,1
4255,23,21,9,2,COD,3.9,0.42857142857142855,1
5602,22,13,1,1,COD,2.9,0.07692307692307693,0
9481,23,22,0,2,COD,2.5,0.0,0
1872,64,19,3,4,UPI,3.2,0.15789473684210525,0
4732,42,2,0,8,COD,4.0,0.0,1
5124,21,14,0,3,COD,3.9,0.0,0
6285,57,29,5,10,UPI,3.1,0.1724137931034483,0
7934,49,4,3,6,CARD,3.8,0.75,1
5064,52,16,0,6,COD,4.4,0.0,0
9516,27,21,0,9,UPI,2.1,0.0,0
1421,51,20,0,9,CARD,3.4,0.0,0
3060,53,14,7,4,COD,4.3,0.5,1
8628,23,27,9,9,CARD,3.6,0.3333333333333333,1
9536,60,29,7,6,COD,4.0,0.2413793103448276,0
3453,63,15,1,2,UPI,3.6,0.06666666666666667,0
3982,33,28,10,10,UPI,5.0,0.35714285714285715,1
7157,36,3,0,6,UPI,2.2,0.0,0
966,51,8,6,2,CARD,3.5,0.75,0
2881,42,16,7,8,COD,2.3,0.4375,1
7910,48,10,7,4,COD,2.5,0.7,1
7682,58,4,2,5,UPI,3.1,0.5,1
5286,34,30,9,8,CARD,2.5,0.3,0
8164,64,18,10,8,COD,4.9,0.5555555555555556,1
2865,47,2,0,6,CARD,4.8,0.0,1
3713,56,17,6,4,COD,3.0,0.35294117647058826,1
695,48,13,4,1,COD,3.9,0.3076923076923077,1
6022,36,4,0,7,UPI,3.6,0.0,0
2272,52,26,8,8,COD,4.4,0.3076923076923077,1
7995,46,25,6,9,UPI,3.9,0.24,1
8729,18,30,1,2,COD,2.0,0.03333333333333333,1
4149,21,11,5,1,COD,4.3,0.45454545454545453,1
6233,45,7,1,4,UPI,4.2,0.14285714285714285,0
8528,35,12,0,5,UPI,3.5,0.0,0
2755,43,10,6,10,COD,4.7,0.6,1
6570,57,7,4,1,COD,4.7,0.5714285714285714,0
4615,36,13,1,5,COD,3.6,0.07692307692307693,0
6159,23,7,4,6,UPI,3.8,0.5714285714285714,1
9307,18,24,1,3,CARD,5.0,0.041666666666666664,0
6193,25,17,10,7,CARD,2.9,0.5882352941176471,1
5221,50,10,4,6,COD,3.0,0.4,1
3107,60,29,4,4,COD,2.5,0.13793103448275862,0
3114,38,10,6,3,CARD,4.7,0.6,0
4070,41,24,0,5,UPI,4.2,0.0,0
9390,42,4,2,3,UPI,2.3,0.5,1
5285,64,20,3,10,UPI,4.9,0.15,1
6746,60,4,0,9,COD,4.2,0.0,1
595,36,22,3,9,UPI,4.6,0.13636363636363635,0
1138,46,7,1,6,CARD,2.1,0.14285714285714285,0
2710,27,22,4,6,UPI,3.5,0.18181818181818182,0
4836,29,1,0,4,COD,4.1,0.0,1
1849,50,12,3,4,COD,3.6,0.25,1
3890,24,24,0,2,COD,4.0,0.0,1
3635,34,13,8,10,UPI,4.5,0.6153846153846154,1
3401,27,10,3,4,COD,3.1,0.3,1
4379,48,15,8,8,COD,4.5,0.5333333333333333,1
8605,23,27,5,10,CARD,2.5,0.18518518518518517,1
3437,34,13,0,2,COD,2.8,0.0,1
4062,54,23,2,9,COD,2.1,0.08695652173913043,1
258,35,22,10,1,COD,3.1,0.45454545454545453,0
5138,43,22,1,2,COD,3.1,0.045454545454545456,1
3171,33,21,8,2,COD,4.4,0.38095238095238093,1
9919,25,22,0,6,CARD,4.0,0.0,0
8514,41,28,8,7,CARD,3.3,0.2857142857142857,1
9828,30,9,8,3,UPI,4.0,0.8888888888888888,1
9554,46,26,7,9,COD,2.2,0.2692307692307692,1
3545,49,9,7,5,UPI,2.5,0.7777777777777778,0
2686,41,15,10,5,COD,3.9,0.6666666666666666,1
761,33,10,0,4,COD,3.9,0.0,1
4181,28,24,10,9,CARD,4.3,0.4166666666666667,1
6461,49,26,7,8,COD,3.2,0.2692307692307692,1
1937,23,25,9,4,COD,4.2,0.36,1
9296,52,29,2,4,UPI,4.1,0.06896551724137931,0
3754,50,10,10,2,UPI,4.9,1.0,1
9326,35,8,6,9,COD,2.6,0.75,0
7295,54,24,10,3,COD,3.7,0.4166666666666667,1
8466,30,16,0,4,COD,3.8,0.0,1
494,27,17,0,7,UPI,5.0,0.0,0
8412,54,26,9,10,COD,2.6,0.34615384615384615,1
9430,43,27,4,8,COD,3.6,0.14814814814814814,1
5530,63,5,4,8,UPI,3.0,0.8,1
4855,34,4,1,4,CARD,3.6,0.25,0
1309,18,18,5,7,COD,2.7,0.2777777777777778,1
3971,42,24,4,10,COD,2.1,0.16666666666666666,1
8763,51,19,2,1,UPI,3.7,0.10526315789473684,0
6323,56,4,0,6,UPI,3.0,0.0,0
7847,27,28,0,6,COD,2.5,0.0,1
1374,37,7,2,6,COD,3.0,0.2857142857142857,1
1364,24,10,2,2,COD,2.1,0.2,0
9484,33,25,10,8,COD,4.9,0.4,1
9675,54,18,7,5,UPI,3.7,0.3888888888888889,0
9237,46,19,0,5,COD,4.4,0.0,0
8912,29,4,4,2,CARD,3.3,1.0,1
4666,34,10,2,4,UPI,4.7,0.2,1
5738,37,1,1,9,UPI,3.4,1.0,1
7311,43,23,7,9,COD,3.7,0.30434782608695654,1
8634,36,18,2,6,UPI,3.5,0.1111111111111111,0
3000,64,5,3,9,COD,4.2,0.6,1
4807,29,15,10,4,CARD,3.7,0.6666666666666666,1
7462,38,17,0,1,CARD,2.8,0.0,0
1741,59,3,1,2,COD,2.4,0.3333333333333333,1
2965,51,12,2,1,COD,3.8,0.16666666666666666,0
4691,24,2,1,8,COD,3.5,0.5,0
3283,62,1,1,9,UPI,2.3,1.0,1
5556,52,23,1,10,UPI,3.2,0.043478260869565216,0
2057,32,21,5,6,CARD,3.5,0.23809523809523808,1
969,18,17,6,2,UPI,4.5,0.35294117647058826,0
1622,43,22,4,6,COD,2.2,0.18181818181818182,1
8798,52,16,2,9,UPI,3.0,0.125,1
3172,42,5,3,3,UPI,4.5,0.6,1
2072,59,15,3,9,UPI,3.9,0.2,1
5799,32,3,1,2,UPI,2.9,0.3333333333333333,0
2469,39,28,9,5,UPI,4.5,0.32142857142857145,1
5475,23,7,0,2,UPI,3.5,0.0,0
4949,32,11,10,7,UPI,3.5,0.9090909090909091,1
6771,41,10,3,10,UPI,4.9,0.3,0
9573,38,9,9,9,UPI,4.8,1.0,1
5272,24,14,3,7,UPI,3.1,0.21428571428571427,0
9831,46,13,9,5,UPI,2.4,0.6923076923076923,1
5663,49,29,0,4,UPI,3.0,0.0,0
7650,49,25,8,4,COD,2.1,0.32,1
8620,22,30,3,10,COD,2.1,0.1,1
4159,21,25,6,8,COD,3.2,0.24,1
1513,39,2,1,10,UPI,4.8,0.5,1
8047,35,3,2,10,UPI,4.6,0.6666666666666666,1
1270,52,7,1,10,CARD,3.5,0.14285714285714285,1
9366,34,21,2,10,COD,3.7,0.09523809523809523,1
3485,41,18,7,10,COD,2.0,0.3888888888888889,1
9149,19,3,3,1,COD,2.6,1.0,1
3295,30,10,10,5,COD,2.1,1.0,1
520,32,22,0,2,UPI,4.3,0.0,1
2521,22,29,9,9,COD,2.4,0.3103448275862069,1
755,20,7,1,7,UPI,4.6,0.14285714285714285,0
5139,54,9,7,10,UPI,3.9,0.7777777777777778,1
5632,54,17,0,8,UPI,2.7,0.0,0
1586,54,11,7,6,CARD,2.5,0.6363636363636364,1
4963,20,7,7,9,COD,3.9,1.0,1
7054,52,24,1,6,COD,4.7,0.041666666666666664,1
7837,40,28,3,7,CARD,4.2,0.10714285714285714,1
5041,45,14,5,7,CARD,3.0,0.35714285714285715,0
